17,
40,
40,
80,
40,
40,
40,
40,
40,
40,
40,
40,
40,
40,
40,
40,
40,
100,
551,10,1415
2,1,2,16,13,550,10
2,1,2,16,13,730,-10
1,1,3,16,10,641,0
0,1,3,16,10,550,25
0,1,3,16,10,730,-25
2,1,4,16,11,640,0
2,1,4,16,11,595,15
2,1,4,16,11,550,15
2,1,4,16,11,506,25
2,1,4,16,11,461,25
2,1,4,16,11,416,25
2,1,4,16,11,371,30
2,1,4,16,11,326,30
2,1,4,16,11,279,30
2,1,4,16,11,685,-15
2,1,4,16,11,729,-15
2,1,4,16,11,776,-25
2,1,4,16,11,820,-25
2,1,4,16,11,866,-25
2,1,4,16,11,911,-30
2,1,4,16,11,956,-30
2,1,4,16,11,999,-30
2,1,2,16,11,460,10
2,1,2,16,11,821,-10
2,3,2,16,2,1000,0
2,3,2,16,2,911,0
2,3,2,16,2,820,0
2,3,2,16,2,729,0
2,3,2,16,2,639,0
2,3,2,16,2,551,0
2,3,2,16,2,459,0
2,3,2,16,2,371,0
2,3,2,16,2,279,0
2,3,2,16,4,325,0
2,3,2,16,4,238,0
2,3,2,16,4,415,0
2,3,2,16,4,504,0
2,3,2,16,4,596,0
2,3,2,16,4,685,0
2,3,2,16,4,775,0
2,3,2,16,4,864,0
2,3,2,16,4,955,0
2,3,2,16,4,1045,0
2,3,2,16,6,999,0
2,3,2,16,6,910,0
2,3,2,16,6,821,0
2,3,2,16,6,731,0
2,3,2,16,6,639,0
2,3,2,16,6,549,0
2,3,2,16,6,460,0
2,3,2,16,6,370,0
2,3,2,16,6,279,0
2,3,2,16,8,955,0
2,3,2,16,8,1041,0
2,3,2,16,8,864,0
2,3,2,16,8,776,0
2,3,2,16,8,685,0
2,3,2,16,8,595,0
2,3,2,16,8,506,0
2,3,2,16,8,414,0
2,3,2,16,8,324,0
2,3,2,16,8,236,0
2,3,2,16,10,280,0
2,3,2,16,10,370,0
2,3,2,16,10,460,0
2,3,2,16,10,550,0
2,3,2,16,10,639,0
2,3,2,16,10,731,0
2,3,2,16,10,819,0
2,3,2,16,10,910,0
2,3,2,16,10,1000,0
2,3,2,16,12,955,0
2,3,2,16,12,1038,0
2,3,2,16,12,866,0
2,3,2,16,12,775,0
2,3,2,16,12,685,0
2,3,2,16,12,596,0
2,3,2,16,12,505,0
2,3,2,16,12,415,0
2,3,2,16,12,326,0
2,3,2,16,12,237,0
2,3,2,16,14,1000,0
2,3,2,16,14,909,0
2,3,2,16,14,821,0
2,3,2,16,14,730,0
2,3,2,16,14,639,0
2,3,2,16,14,550,0
2,3,2,16,14,460,0
2,3,2,16,14,371,0
2,3,2,16,14,278,0
2,3,2,16,16,955,0
2,3,2,16,16,1037,0
2,3,2,16,16,865,0
2,3,2,16,16,775,0
2,3,2,16,16,684,0
2,3,2,16,16,595,0
2,3,2,16,16,506,0
2,3,2,16,16,415,0
2,3,2,16,16,326,0
2,3,2,16,16,234,0
2,2,4,16,15,831,-10
0,2,4,16,11,510,-5
2,2,4,16,7,312,-10
2,2,4,16,5,579,-15
2,2,4,16,9,815,-5
2,3,3,16,2,1000,0
2,3,3,16,2,911,0
2,3,3,16,2,819,0
2,3,3,16,2,730,0
2,3,3,16,2,639,0
2,3,3,16,2,549,0
2,3,3,16,2,459,0
2,3,3,16,2,370,0
2,3,3,16,2,279,0
2,3,3,16,4,325,0
2,3,3,16,4,239,0
2,3,3,16,4,415,0
2,3,3,16,4,505,0
2,3,3,16,4,595,0
2,3,3,16,4,686,0
2,3,3,16,4,775,0
2,3,3,16,4,866,0
2,3,3,16,4,955,0
2,3,3,16,4,1038,0
2,3,3,16,6,1000,0
2,3,3,16,6,911,0
2,3,3,16,6,820,0
2,3,3,16,6,729,0
2,3,3,16,6,639,0
2,3,3,16,6,551,0
2,3,3,16,6,460,0
2,3,3,16,6,369,0
2,3,3,16,6,279,0
2,3,3,16,8,325,0
2,3,3,16,8,239,0
2,3,3,16,8,415,0
2,3,3,16,8,505,0
2,3,3,16,8,595,0
2,3,3,16,8,685,0
2,3,3,16,8,774,0
2,3,3,16,8,866,0
2,3,3,16,8,956,0
2,3,3,16,8,1037,0
2,3,3,16,10,1000,0
2,3,3,16,10,911,0
2,3,3,16,10,819,0
2,3,3,16,10,730,0
2,3,3,16,10,638,0
2,3,3,16,10,549,0
2,3,3,16,10,459,0
2,3,3,16,10,371,0
2,3,3,16,10,280,0
2,3,3,16,12,955,0
2,3,3,16,12,865,0
2,3,3,16,12,775,0
2,3,3,16,12,686,0
2,3,3,16,12,595,0
2,3,3,16,12,506,0
2,3,3,16,12,415,0
2,3,3,16,12,327,0
2,3,3,16,12,235,0
2,3,3,16,12,1033,0
2,3,3,16,14,998,0
2,3,3,16,14,911,0
2,3,3,16,14,820,0
2,3,3,16,14,730,0
2,3,3,16,14,639,0
2,3,3,16,14,552,0
2,3,3,16,14,458,0
2,3,3,16,14,370,0
2,3,3,16,14,279,0
2,3,3,16,16,325,0
2,3,3,16,16,416,0
2,3,3,16,16,506,0
2,3,3,16,16,595,0
2,3,3,16,16,685,0
2,3,3,16,16,775,0
2,3,3,16,16,866,0
2,3,3,16,16,955,0
2,3,3,16,16,1035,0
2,3,3,16,16,228,0
2,3,4,16,2,1000,0
2,3,4,16,2,909,0
2,3,4,16,2,821,0
2,3,4,16,2,732,0
2,3,4,16,2,641,0
2,3,4,16,2,551,0
2,3,4,16,2,460,0
2,3,4,16,2,370,0
2,3,4,16,2,279,0
2,3,4,16,4,1038,0
2,3,4,16,4,954,0
2,3,4,16,4,866,0
2,3,4,16,4,775,0
2,3,4,16,4,685,0
2,3,4,16,4,595,0
2,3,4,16,4,505,0
2,3,4,16,4,416,0
2,3,4,16,4,324,0
2,3,4,16,4,232,0
2,3,1,16,16,955,0
2,3,1,16,16,1044,0
2,3,1,16,16,865,0
2,3,1,16,16,775,0
2,3,1,16,16,685,0
2,3,1,16,16,595,0
2,3,1,16,16,507,0
2,3,1,16,16,415,0
2,3,1,16,16,325,0
2,3,1,16,16,240,0
2,2,3,16,8,460,-15
2,4,1,16,5,370,0
2,4,1,16,4,369,0
2,4,1,16,4,325,0
2,4,1,16,4,415,0
2,4,1,16,3,369,0
0,4,1,16,7,549,0
0,4,1,16,6,550,0
0,4,1,16,6,505,0
0,4,1,16,6,595,0
0,4,1,16,5,550,0
2,4,1,16,9,459,5
2,4,1,16,9,506,5
2,4,1,16,8,460,5
2,4,1,16,9,416,5
2,4,1,16,10,459,5
0,4,1,16,12,261,0
0,4,1,16,11,261,0
0,4,1,16,11,310,0
0,4,1,16,11,211,0
0,4,1,16,10,262,0
2,4,1,16,3,820,5
2,4,1,16,2,820,5
2,4,1,16,2,775,5
2,4,1,16,2,866,5
2,4,1,16,1,820,5
0,4,1,16,10,954,0
0,4,1,16,9,955,0
0,4,1,16,9,910,0
0,4,1,16,9,1000,0
0,4,1,16,8,955,0
2,4,1,16,9,752,-5
2,4,1,16,8,753,-5
2,4,1,16,7,752,-5
2,4,1,16,8,706,-5
2,4,1,16,8,799,-5
0,4,1,16,16,641,0
0,4,1,16,15,641,0
0,4,1,16,15,596,0
0,4,1,16,15,685,0
0,4,1,16,14,640,0
2,4,1,16,16,1000,0
2,4,1,16,15,1001,0
2,4,1,16,15,956,0
2,4,1,16,15,1047,0
2,4,1,16,14,1001,0
2,4,1,16,15,505,0
2,4,1,16,14,507,0
2,4,1,16,14,459,0
2,4,1,16,14,551,0
2,4,1,16,13,504,0
2,4,2,16,15,639,-10
2,4,2,16,14,639,0
2,4,2,16,13,639,0
2,4,2,16,12,638,0
2,4,2,16,10,639,0
2,4,2,16,9,639,0
2,4,2,16,8,639,0
2,4,2,16,7,640,0
2,4,2,16,6,639,0
2,4,2,16,5,640,0
2,4,2,16,4,640,10
2,4,2,16,15,594,10
2,4,2,16,14,594,10
2,4,2,16,13,596,10
2,4,2,16,12,594,10
2,4,2,16,11,594,0
2,4,2,16,10,596,10
2,4,2,16,9,595,10
2,4,2,16,8,596,10
2,4,2,16,7,595,10
2,4,2,16,6,596,10
2,4,2,16,5,596,10
2,4,2,16,4,595,10
2,4,2,16,4,684,-10
2,4,2,16,5,686,-10
2,4,2,16,6,686,-10
2,4,2,16,7,685,-10
2,4,2,16,8,685,-10
2,4,2,16,9,685,-10
2,4,2,16,10,684,-10
2,4,2,16,11,686,0
2,4,2,16,12,685,-10
2,4,2,16,13,687,-10
2,4,2,16,14,685,-10
2,4,2,16,15,684,-10
2,4,2,16,12,549,10
2,4,2,16,12,504,10
2,4,2,16,12,458,10
2,4,2,16,11,460,10
2,4,2,16,10,461,10
2,4,2,16,10,504,10
2,4,2,16,10,550,10
2,4,2,16,11,549,0
2,4,2,16,11,506,0
2,4,2,16,11,731,0
2,4,2,16,11,777,0
2,4,2,16,11,821,-10
2,4,2,16,12,820,-10
2,4,2,16,12,774,-10
2,4,2,16,12,731,-10
2,4,2,16,10,731,-10
2,4,2,16,10,775,-10
2,4,2,16,10,819,-10
1,4,2,16,11,640,0
2,4,1,16,13,730,0
2,4,1,16,12,731,0
2,4,1,16,12,684,0
2,4,1,16,12,776,0
2,4,1,16,11,729,0
2,4,3,16,4,451,0
2,4,3,16,6,452,0
2,4,3,16,8,454,0
2,4,4,16,7,998,0
2,4,4,16,6,871,0
2,4,4,16,7,655,0
2,4,4,16,8,341,0
2,5,1,16,1,369,0
2,5,1,16,3,439,0
2,5,1,16,3,527,0
2,5,1,16,1,595,0
0,5,1,16,1,685,0
0,5,1,16,3,753,0
0,5,1,16,3,843,0
0,5,1,16,1,911,0
0,5,1,16,11,864,20
0,5,1,16,8,912,-10
0,5,1,16,7,709,15
0,5,1,16,14,775,5
2,5,1,16,7,574,-15
2,5,1,16,8,371,10
2,5,1,16,11,413,-20
2,5,1,16,14,505,-5
2,5,2,16,1,910,0
2,5,2,16,3,843,0
2,5,2,16,3,751,0
2,5,2,16,1,683,0
0,5,2,16,1,595,0
0,5,2,16,3,527,0
0,5,2,16,3,438,0
0,5,2,16,1,370,0
0,5,2,16,12,595,10
0,5,2,16,9,528,-5
0,5,2,16,7,325,5
0,5,2,16,15,278,0
2,5,2,16,15,998,0
2,5,2,16,12,684,-10
2,5,2,16,9,753,5
2,5,2,16,7,955,-5
0,5,2,16,10,369,-10
2,5,2,16,10,911,10
2,5,3,16,3,279,0
2,5,3,16,4,412,10
2,5,3,16,3,1001,0
2,5,3,16,4,864,-10
2,5,3,16,8,550,0
2,5,3,16,8,730,0
2,5,3,16,9,954,-5
2,5,3,16,9,325,5
2,5,3,16,13,460,10
2,5,3,16,13,819,-10
2,5,3,16,2,639,0
2,4,4,16,13,423,0
2,4,4,16,9,700,0
2,4,4,16,8,748,0
2,4,4,16,7,728,0
1,5,3,16,12,639,0
2,5,3,16,15,235,-5
2,5,3,16,15,1047,5
0,5,3,16,5,346,0
0,5,3,16,5,932,0
2,5,4,16,12,554,0
2,5,4,16,11,741,0
2,5,4,16,7,480,0
2,5,4,16,6,754,0
2,6,1,16,7,478,5
2,6,1,16,6,477,5
2,6,1,16,5,414,5
2,6,1,16,5,503,5
2,6,1,16,7,516,5
2,6,1,16,7,387,5
2,6,1,16,6,438,5
2,6,1,16,7,432,5
2,6,1,16,8,457,5
2,6,1,16,3,678,0
2,6,1,16,3,731,0
2,6,1,16,2,687,0
2,6,1,16,2,721,0
2,6,1,16,4,702,0
2,6,1,16,3,633,0
2,6,1,16,3,777,0
2,6,1,16,1,667,0
2,6,1,16,1,747,0
0,6,1,16,8,1026,5
0,6,1,16,8,987,5
0,6,1,16,8,954,5
0,6,1,16,8,907,5
0,6,1,16,7,957,5
0,6,1,16,7,994,5
0,6,1,16,6,933,5
0,6,1,16,6,1018,5
0,6,1,16,9,965,5
0,6,1,16,13,309,-5
0,6,1,16,12,281,-5
0,6,1,16,11,290,-5
0,6,1,16,11,322,-5
0,6,1,16,12,335,-5
0,6,1,16,12,384,-5
0,6,1,16,12,226,-5
0,6,1,16,10,265,-5
0,6,1,16,10,346,-5
2,6,1,16,14,866,5
2,6,1,16,13,841,5
2,6,1,16,13,889,5
2,6,1,16,12,851,5
2,6,1,16,12,883,5
2,6,1,16,11,816,5
2,6,1,16,11,915,5
2,6,1,16,13,795,5
2,6,1,16,13,931,5
2,6,1,16,12,584,-10
2,6,1,16,11,596,-10
2,6,1,16,11,562,-10
2,6,1,16,11,514,-10
2,6,1,16,11,643,-10
2,6,1,16,10,559,-10
2,6,1,16,10,591,-10
2,6,1,16,9,538,-10
2,6,1,16,9,624,-10
2,6,2,16,3,1003,0
2,6,2,16,3,955,0
2,6,2,16,3,911,0
2,6,2,16,4,954,0
2,6,2,16,4,912,0
2,6,2,16,4,866,0
2,6,2,16,5,912,0
2,6,2,16,5,866,0
2,6,2,16,5,820,0
2,6,2,16,5,772,0
2,6,2,16,6,864,0
2,6,2,16,6,821,0
2,6,2,16,6,774,0
2,6,2,16,6,725,0
2,6,2,16,7,775,0
2,6,2,16,7,727,0
2,6,2,16,7,683,0
2,6,2,16,7,643,0
2,6,2,16,8,727,0
2,6,2,16,8,686,0
2,6,2,16,8,641,0
2,6,2,16,8,598,0
0,6,2,16,6,688,0
0,6,2,16,6,640,0
0,6,2,16,7,596,0
0,6,2,16,7,550,0
0,6,2,16,6,595,0
0,6,2,16,5,685,0
0,6,2,16,5,727,0
0,6,2,16,4,774,0
0,6,2,16,4,819,0
0,6,2,16,4,727,0
0,6,2,16,3,868,0
0,6,2,16,3,819,0
0,6,2,16,3,778,0
0,6,2,16,5,639,0
0,6,2,16,4,685,0
0,6,2,16,3,730,0
2,6,2,16,8,271,0
2,6,2,16,6,268,0
2,6,2,16,7,270,0
2,6,2,16,5,267,0
2,6,2,16,4,267,0
2,6,2,16,3,264,0
2,6,2,16,2,265,0
0,6,2,16,7,347,0
0,6,2,16,6,348,0
0,6,2,16,5,348,0
0,6,2,16,4,346,0
0,6,2,16,3,346,0
0,6,2,16,15,686,0
0,6,2,16,16,730,0
0,6,3,16,1,775,0
0,6,3,16,2,821,0
0,6,3,16,2,775,0
0,6,3,16,2,731,0
0,6,3,16,2,686,0
0,6,3,16,1,641,0
0,6,3,16,1,686,0
0,6,3,16,1,729,0
0,6,2,16,16,684,0
0,6,2,16,16,640,0
0,6,2,16,16,595,0
0,6,2,16,15,640,0
0,6,2,16,15,595,0
0,6,2,16,15,549,0
2,6,2,16,15,369,0
2,6,2,16,15,415,0
2,6,2,16,15,461,0
2,6,2,16,16,414,0
2,6,2,16,16,459,0
2,6,2,16,16,505,0
2,6,3,16,1,459,0
2,6,3,16,1,503,0
2,6,3,16,1,550,0
2,6,3,16,1,415,0
2,6,2,16,16,369,0
2,6,2,16,15,326,0
2,6,3,16,2,461,0
2,6,3,16,2,504,0
2,6,3,16,2,550,0
2,6,3,16,2,593,0
2,6,3,16,3,639,0
2,6,3,16,3,596,0
2,6,3,16,3,551,0
2,6,3,16,3,506,0
0,6,3,16,3,729,0
0,6,3,16,3,777,0
0,6,3,16,3,818,0
0,6,3,16,3,866,0
0,6,3,16,4,415,0
0,6,3,16,5,370,0
0,6,3,16,4,372,0
0,6,3,16,3,370,0
0,6,3,16,6,323,0
0,6,3,16,5,324,0
0,6,3,16,4,325,0
0,6,3,16,3,325,0
0,6,3,16,2,325,0
0,6,3,16,7,279,0
0,6,3,16,6,279,0
0,6,3,16,5,279,0
0,6,3,16,4,279,0
0,6,3,16,3,279,0
0,6,3,16,2,277,0
0,6,3,16,1,280,0
2,6,2,16,13,1000,0
2,6,2,16,15,988,0
2,6,3,16,1,979,0
2,6,3,16,5,955,0
2,6,3,16,3,967,0
2,6,3,16,7,459,0
2,6,3,16,6,503,0
2,6,3,16,7,506,0
2,6,3,16,6,550,0
2,6,3,16,7,685,0
2,6,3,16,6,686,0
2,6,3,16,7,731,0
2,6,3,16,8,460,0
2,6,3,16,8,415,0
2,6,3,16,8,684,0
2,6,3,16,8,730,0
0,6,3,16,7,887,0
0,6,3,16,8,909,0
0,6,3,16,9,934,0
0,6,3,16,10,956,0
0,6,3,16,9,595,0
0,6,3,16,10,595,0
0,6,3,16,10,551,0
0,6,3,16,11,550,0
0,6,3,16,11,595,0
1,6,3,16,10,363,0
2,6,3,16,9,438,0
2,6,3,16,9,391,0
0,6,3,16,12,595,0
2,6,3,16,11,325,0
2,6,3,16,11,370,0
2,6,3,16,12,349,0
2,6,3,16,12,391,0
2,6,3,16,13,415,0
2,6,3,16,13,371,0
2,6,3,16,14,393,0
2,6,3,16,14,435,0
2,6,3,16,15,459,0
2,6,3,16,15,415,0
2,6,3,16,10,322,0
2,6,3,16,9,346,0
2,6,3,16,9,303,0
2,6,3,16,8,370,0
2,6,3,16,7,414,0
2,6,3,16,6,459,0
2,6,3,16,8,774,0
2,6,3,16,9,682,0
2,6,3,16,9,731,0
2,6,3,16,9,775,0
2,6,3,16,10,731,0
2,6,3,16,10,685,0
2,6,3,16,11,686,0
0,6,3,16,7,934,0
0,6,3,16,8,955,0
0,6,3,16,9,977,0
0,6,3,16,10,999,0
2,6,3,16,15,775,0
2,6,3,16,15,818,0
2,6,3,16,15,864,0
2,6,3,16,15,909,0
2,6,3,16,15,956,0
2,6,4,16,15,869,0
2,6,4,16,14,780,0
2,6,4,16,12,658,0
2,6,4,16,10,567,0
2,6,4,16,8,693,0
2,6,4,16,6,794,0
2,6,4,16,7,882,0
2,6,4,16,10,986,0
2,6,4,16,7,464,0
2,6,4,16,7,290,0
2,6,4,16,6,544,0
2,6,4,16,4,680,0
2,6,4,16,2,668,0
2,6,4,16,2,521,0
2,6,4,16,3,451,0
2,6,4,16,3,348,0
0,4,3,16,6,327,0
0,4,3,16,6,597,0
0,4,3,16,9,868,0
0,4,3,16,9,1160,0
2,6,3,16,14,775,0
2,6,3,16,14,821,0
2,6,3,16,13,824,0
2,6,3,16,14,868,0
2,6,3,16,12,864,0
2,6,3,16,13,911,0
2,6,3,16,13,866,0
2,6,3,16,14,911,0
2,6,3,16,14,957,0
2,6,3,16,15,730,0
2,6,3,16,15,1002,0
2,6,2,16,2,865,0
2,6,2,16,2,908,0
2,6,2,16,2,955,0
2,6,2,16,2,819,0
2,6,2,16,2,781,0
2,6,2,16,1,730,0
2,6,2,16,1,775,0
2,6,2,16,2,729,0
2,6,2,16,1,685,0
2,6,2,16,1,819,0
2,6,2,16,1,868,0
2,6,2,16,1,908,0
2,4,3,16,11,1016,0
2,4,3,16,9,1017,0
2,4,3,16,7,1017,0
0,5,3,16,10,450,0
0,5,3,16,10,830,0
2,6,2,16,12,371,0
2,6,2,16,10,347,0
2,6,2,16,10,440,0
2,6,2,16,12,461,0
2,6,2,16,12,549,0
2,6,2,16,12,641,0
2,6,2,16,10,526,0
2,6,2,16,10,618,0
2,6,2,16,11,585,0
2,6,2,16,11,497,0
2,6,2,16,11,408,0
2,6,2,16,11,319,0
2,6,3,16,3,461,0
2,6,3,16,2,416,0
2,6,3,16,1,371,0
2,6,2,16,16,324,0
2,6,2,16,15,280,0
2,6,2,16,14,323,0
2,6,2,16,14,370,0
2,6,2,16,14,412,0
2,6,2,16,14,457,0
2,6,2,16,14,505,0
2,6,3,16,10,416,0
2,6,3,16,11,415,0
2,6,3,16,12,437,0
2,6,3,16,13,460,0
2,6,3,16,14,486,0
2,6,3,16,15,505,0
2,6,3,16,10,280,0
0,6,3,16,10,505,0
0,6,3,16,9,549,0
0,6,3,16,8,594,0
0,7,1,16,8,303,-5
0,7,1,16,8,344,-5
0,7,1,16,7,404,-5
0,7,1,16,6,395,-5
0,7,1,16,5,339,-5
0,7,1,16,5,295,-5
0,7,1,16,6,267,-5
0,7,1,16,7,259,-5
0,7,1,16,14,573,-5
0,7,1,16,13,545,-5
0,7,1,16,12,549,-5
0,7,1,16,11,587,-5
0,7,1,16,11,651,-5
0,7,1,16,12,705,-5
0,7,1,16,13,704,-5
0,7,1,16,14,665,-5
0,7,1,16,5,874,10
0,7,1,16,4,850,10
0,7,1,16,3,872,10
0,7,1,16,3,907,10
0,7,1,16,4,931,10
0,7,1,16,5,915,10
2,7,1,16,2,485,-15
2,7,1,16,12,391,-5
2,7,1,16,14,345,-5
0,7,2,16,5,366,-5
0,7,2,16,4,312,-5
0,7,2,16,3,320,-5
0,7,2,16,3,362,-5
0,7,2,16,4,396,-5
0,7,2,16,8,846,0
0,7,2,16,8,802,0
0,7,2,16,7,768,0
0,7,2,16,6,782,0
0,7,2,16,6,842,0
0,7,2,16,7,862,0
0,7,2,16,14,422,-5
0,7,2,16,14,369,-5
0,7,2,16,13,354,-5
0,7,2,16,12,375,-5
0,7,2,16,14,474,-5
0,7,2,16,12,426,-5
0,7,2,16,11,441,-5
0,7,2,16,10,485,-5
0,7,2,16,11,526,-5
0,7,2,16,12,566,-5
0,7,2,16,13,560,-5
0,7,2,16,14,524,-5
0,7,2,16,16,992,5
0,7,2,16,15,954,5
0,7,2,16,14,1000,5
0,7,2,16,15,1047,5
0,7,3,16,7,546,-5
0,7,3,16,7,576,-5
0,7,3,16,6,616,-5
0,7,3,16,5,601,-5
0,7,3,16,5,565,-5
0,7,3,16,5,525,-5
0,7,3,16,6,484,-5
0,7,3,16,7,506,-5
0,7,3,16,13,775,10
0,7,3,16,12,745,10
0,7,3,16,11,769,10
0,7,3,16,10,912,10
0,7,3,16,11,966,10
0,7,3,16,12,959,10
0,7,3,16,13,920,10
0,7,3,16,10,826,10
0,7,3,16,13,396,5
0,7,3,16,14,372,5
0,7,3,16,13,340,5
0,7,3,16,11,363,5
0,7,3,16,11,451,0
0,7,3,16,12,488,0
0,7,3,16,13,456,0
2,8,1,16,11,642,0
2,8,1,16,9,506,-10
2,8,1,16,9,776,10
2,8,1,16,5,459,5
2,8,1,16,5,820,-5
2,8,1,16,8,268,0
2,8,1,16,8,1013,0
2,8,1,16,8,640,0
2,8,1,16,3,345,5
2,8,1,16,3,934,-5
0,8,1,16,7,583,0
0,8,1,16,7,697,0
0,8,1,16,13,281,0
0,8,1,16,13,1001,0
2,8,1,16,5,639,0
2,8,1,16,14,458,5
2,8,1,16,14,821,-5
2,8,2,16,2,550,25
2,8,2,16,2,732,-25
2,8,2,16,3,640,0
2,8,2,16,4,326,0
2,8,2,16,4,956,0
2,8,2,16,6,504,0
2,8,2,16,6,775,0
0,8,2,16,5,460,5
0,8,2,16,5,821,-5
2,8,2,16,10,348,-5
2,8,2,16,10,934,5
2,8,2,16,12,460,15
2,8,2,16,12,820,-15
2,8,2,16,15,596,20
2,8,2,16,15,685,-20
0,8,2,16,9,549,5
0,8,2,16,9,730,-5
2,7,1,16,2,549,0
2,7,1,16,3,516,0
2,7,1,16,14,474,0
2,7,1,16,14,914,0
2,7,1,16,14,1004,0
2,7,1,16,11,938,0
2,7,2,16,4,513,0
2,7,2,16,2,547,0
2,7,1,16,16,587,0
2,7,2,16,1,714,0
2,7,2,16,2,657,0
2,7,2,16,9,304,0
2,7,2,16,7,284,0
2,7,2,16,8,479,0
2,7,2,16,11,681,0
2,7,2,16,10,696,0
2,7,2,16,11,732,0
2,7,2,16,9,941,0
2,7,2,16,10,1028,0
2,7,2,16,6,1024,0
2,7,3,16,2,368,0
2,7,2,16,16,315,0
2,7,3,16,1,421,0
2,7,3,16,2,587,0
2,7,3,16,3,710,0
2,7,2,16,15,678,0
2,7,3,16,9,710,0
2,7,3,16,8,720,0
2,7,3,16,9,817,0
2,7,3,16,9,348,0
2,7,3,16,12,424,0
2,7,3,16,9,421,0
2,7,4,16,12,702,0
2,7,4,16,11,829,0
2,7,4,16,8,900,0
0,8,3,16,2,265,0
0,8,3,16,2,1014,0
0,8,3,16,1,638,0
0,8,3,16,8,504,-5
0,8,3,16,8,774,5
0,8,3,16,15,461,5
0,8,3,16,15,821,-5
1,8,3,16,4,641,0
2,8,3,16,3,414,5
2,8,3,16,2,505,-10
2,8,3,16,2,774,10
2,8,3,16,3,865,-5
2,8,3,16,9,278,0
2,8,3,16,9,1000,0
2,8,3,16,11,596,10
2,8,3,16,11,686,-10
2,8,3,16,14,392,0
2,8,3,16,14,887,0
2,8,3,16,8,459,15
2,8,3,16,8,820,-15
2,8,4,16,12,446,0
2,8,4,16,15,614,0
2,8,4,16,14,698,0
2,8,4,16,11,774,0
2,8,4,16,13,930,0
2,8,4,16,7,815,0
2,8,4,16,5,857,0
2,8,4,16,4,905,0
2,8,4,16,3,1002,0
2,8,4,16,8,475,0
2,8,4,16,6,385,0
2,8,4,16,6,554,0
2,8,4,16,3,630,0
2,8,4,16,2,536,0
2,9,1,16,12,346,-5
2,9,1,16,10,459,5
2,9,1,16,8,637,0
2,9,1,16,6,788,-5
2,9,1,16,4,929,-10
0,9,1,16,5,369,-15
0,9,1,16,4,350,-15
0,9,1,16,3,372,-15
0,9,1,16,2,411,-15
0,9,1,16,2,468,-15
0,9,1,16,3,494,-15
0,9,1,16,4,509,-15
0,9,1,16,5,493,-15
0,9,1,16,6,362,-15
0,9,1,16,7,344,-15
0,9,1,16,16,902,5
0,9,1,16,15,895,5
0,9,1,16,14,901,5
0,9,1,16,13,937,5
0,9,1,16,12,964,5
0,9,1,16,11,963,5
0,9,1,16,10,933,5
0,9,1,16,10,887,5
0,9,1,16,11,850,5
2,9,2,16,12,532,-5
2,9,2,16,10,555,-5
2,9,2,16,8,559,-5
2,9,2,16,6,522,-5
2,9,2,16,4,484,-5
2,9,2,16,2,403,-5
0,9,2,16,14,637,0
0,9,2,16,13,738,0
0,9,2,16,11,797,0
0,9,2,16,8,826,0
0,9,2,16,5,839,0
0,9,2,16,3,880,0
2,9,3,16,2,448,0
2,9,3,16,3,450,0
2,9,3,16,4,451,0
2,9,3,16,5,452,0
2,9,3,16,6,451,0
2,9,3,16,7,451,0
2,9,3,16,8,453,0
2,9,3,16,9,454,0
2,9,3,16,10,454,0
2,9,3,16,11,453,0
2,9,3,16,12,454,0
2,9,3,16,13,452,0
2,9,3,16,13,824,0
2,9,3,16,12,826,0
2,9,3,16,11,827,0
2,9,3,16,10,827,0
2,9,3,16,9,829,0
2,9,3,16,8,828,0
2,9,3,16,7,829,0
2,9,3,16,6,829,0
2,9,3,16,5,830,0
2,9,3,16,4,830,0
2,9,3,16,3,830,0
2,9,3,16,2,832,0
0,9,3,16,4,729,5
2,9,3,16,14,452,0
2,9,3,16,14,830,0
0,9,3,16,12,550,-5
1,9,3,16,8,639,0
0,9,3,16,5,731,5
0,9,3,16,13,548,-5
0,9,3,16,7,957,5
0,9,3,16,2,346,5
2,9,4,16,2,319,0
2,9,4,16,15,895,0
2,9,4,16,13,930,0
2,9,4,16,11,930,0
2,9,4,16,8,921,0
2,9,4,16,12,750,0
2,9,4,16,12,649,0
2,9,4,16,11,627,0
2,9,4,16,8,576,0
2,9,4,16,6,564,0
2,9,4,16,3,544,0
2,9,4,16,2,477,0
2,9,4,16,5,284,0
2,9,4,16,6,328,0
2,9,4,16,8,297,0
2,9,4,16,7,430,0
2,9,4,16,6,451,0
0,6,3,16,15,281,0
0,6,3,16,14,266,0
0,6,3,16,13,239,0
2,10,1,16,6,365,0
2,10,1,16,5,401,0
2,10,1,16,4,446,0
2,10,1,16,3,397,0
2,10,1,16,2,347,0
2,10,1,16,1,393,0
2,10,1,16,1,447,0
2,10,1,16,1,504,0
2,10,1,16,1,554,0
2,10,1,16,2,602,0
2,10,1,16,3,622,0
2,10,1,16,4,638,0
2,10,1,16,5,622,0
2,10,1,16,6,596,0
2,10,1,16,7,402,0
2,10,1,16,7,457,0
2,10,1,16,7,496,0
2,10,1,16,7,540,0
2,10,1,16,5,670,0
2,10,1,16,3,670,0
2,10,1,16,2,706,0
2,10,1,16,3,721,0
2,10,1,16,4,725,0
2,10,1,16,5,722,0
2,10,1,16,6,702,0
0,10,1,16,6,444,0
2,10,1,16,5,498,0
2,10,1,16,4,569,0
2,10,1,16,3,508,0
2,10,1,16,2,534,0
2,10,1,16,2,451,0
2,10,1,16,15,889,0
2,10,1,16,14,857,0
2,10,1,16,13,823,0
2,10,1,16,12,862,0
2,10,1,16,11,905,0
2,10,1,16,10,858,0
2,10,1,16,10,810,0
2,10,1,16,10,717,0
2,10,1,16,10,761,0
2,10,1,16,11,686,0
2,10,1,16,12,665,0
2,10,1,16,13,647,0
2,10,1,16,14,663,0
2,10,1,16,15,689,0
2,10,1,16,16,722,0
2,10,1,16,16,855,0
2,10,1,16,16,811,0
2,10,1,16,16,767,0
2,10,1,16,14,627,0
2,10,1,16,12,626,0
2,10,1,16,12,589,0
2,10,1,16,14,585,0
2,10,1,16,13,572,0
2,10,1,16,11,606,0
2,10,1,16,15,604,0
0,10,1,16,15,818,0
2,10,1,16,14,764,0
2,10,1,16,13,733,0
2,10,1,16,12,764,0
2,10,1,16,11,822,0
2,10,1,16,11,754,0
2,10,2,16,4,366,0
2,10,2,16,5,414,0
2,10,2,16,6,456,0
2,10,2,16,5,500,0
2,10,2,16,4,550,0
2,10,2,16,5,599,0
2,10,2,16,6,629,0
2,10,2,16,7,646,0
2,10,2,16,8,642,0
2,10,2,16,9,641,0
2,10,2,16,10,634,0
2,10,2,16,11,617,0
2,10,2,16,12,577,0
2,10,2,16,5,338,0
2,10,2,16,6,318,0
2,10,2,16,7,314,0
2,10,2,16,8,304,0
2,10,2,16,9,310,0
2,10,2,16,10,322,0
2,10,2,16,11,340,0
2,10,2,16,12,366,0
2,10,2,16,13,397,0
2,10,2,16,14,564,0
2,10,2,16,15,611,0
2,10,2,16,15,333,0
2,10,2,16,15,374,0
2,10,2,16,15,416,0
2,10,2,16,15,508,0
2,10,2,16,15,465,0
2,10,2,16,15,560,0
2,10,2,16,14,369,0
2,10,2,16,14,415,0
2,10,2,16,14,461,0
2,10,2,16,14,509,0
2,10,2,16,13,553,0
2,10,2,16,13,466,0
2,10,2,16,12,466,0
2,10,2,16,11,470,0
2,10,2,16,10,460,0
2,10,2,16,9,465,0
2,10,2,16,8,457,0
2,10,2,16,7,455,0
0,10,2,16,7,582,0
0,10,2,16,11,665,0
0,10,2,16,10,678,0
0,10,2,16,9,679,0
0,10,2,16,9,387,0
0,10,2,16,8,379,0
2,10,2,16,7,785,0
2,10,2,16,6,787,0
2,10,2,16,5,793,0
2,10,2,16,5,837,0
2,10,2,16,7,833,0
2,10,2,16,6,854,0
2,10,2,16,7,879,0
2,10,2,16,8,903,0
2,10,2,16,8,944,0
2,10,2,16,8,981,0
2,10,2,16,8,1023,0
2,10,2,16,7,1051,0
2,10,2,16,6,1024,0
2,10,2,16,5,1050,0
2,10,2,16,4,1019,0
2,10,2,16,4,980,0
2,10,2,16,4,943,0
2,10,2,16,4,899,0
2,10,2,16,5,870,0
2,10,2,16,6,927,0
2,10,2,16,5,934,0
2,10,2,16,5,972,0
2,10,2,16,8,785,0
2,10,2,16,4,797,0
0,10,3,16,5,935,0
0,10,3,16,6,943,0
0,10,3,16,7,952,0
0,10,3,16,8,937,0
0,10,3,16,10,904,0
0,10,3,16,12,871,0
0,10,3,16,12,770,0
0,10,3,16,14,797,0
0,10,3,16,14,844,0
0,10,3,16,14,878,0
0,10,3,16,14,761,0
0,10,3,16,15,731,0
0,10,3,16,15,911,0
0,10,3,16,15,865,0
0,10,3,16,15,775,0
0,10,3,16,15,821,0
0,10,3,16,3,752,0
0,10,3,16,3,889,0
0,10,3,16,13,799,0
0,10,3,16,13,838,0
2,10,3,16,8,706,0
2,10,3,16,7,694,0
2,10,3,16,6,700,0
2,10,3,16,5,710,0
2,10,3,16,10,722,0
0,10,3,16,4,822,0
2,10,3,16,5,750,0
2,10,3,16,4,766,0
2,10,3,16,6,747,0
2,10,3,16,8,746,0
2,10,3,16,9,746,0
2,10,3,16,10,772,0
2,10,3,16,9,793,0
2,10,3,16,8,781,0
2,10,3,16,7,787,0
2,10,3,16,6,793,0
2,10,3,16,5,798,0
2,10,3,16,11,750,0
2,10,3,16,11,796,0
2,10,3,16,9,710,0
2,10,3,16,10,804,0
2,10,3,16,12,821,0
2,10,3,16,7,995,0
2,10,3,16,6,995,0
2,10,3,16,4,733,0
0,10,3,16,9,928,0
0,10,3,16,11,884,0
0,10,3,16,4,924,0
0,10,3,16,11,847,0
0,10,3,16,10,841,0
0,10,3,16,10,872,0
0,10,3,16,9,835,0
0,10,3,16,9,884,0
0,10,3,16,8,825,0
0,10,3,16,7,829,0
0,10,3,16,6,836,0
0,10,3,16,5,841,0
0,10,3,16,4,875,0
0,10,3,16,6,872,0
0,10,3,16,6,907,0
0,10,3,16,7,914,0
0,10,3,16,7,869,0
0,10,3,16,8,865,0
0,10,3,16,8,904,0
0,10,3,16,3,796,0
0,10,3,16,3,847,0
0,10,3,16,2,786,0
0,10,3,16,2,866,0
0,10,3,16,1,825,0
0,10,3,16,2,826,0
0,10,2,16,10,394,0
2,10,3,16,10,639,0
2,10,3,16,9,662,0
2,10,3,16,4,678,0
2,10,3,16,4,630,0
2,10,3,16,10,942,0
2,10,3,16,5,885,0
0,10,2,16,7,989,0
1,10,3,16,7,738,0
2,10,3,16,7,414,0
2,10,3,16,6,414,0
2,10,3,16,5,414,0
2,10,3,16,4,414,0
2,10,3,16,8,416,0
2,10,3,16,7,373,0
2,10,3,16,5,373,0
2,10,3,16,6,360,0
2,10,3,16,7,340,0
2,10,3,16,5,338,0
2,10,3,16,4,325,0
2,10,3,16,4,283,0
2,10,3,16,4,248,0
2,10,3,16,5,214,0
2,10,3,16,6,198,0
2,10,3,16,7,217,0
2,10,3,16,8,324,0
2,10,3,16,8,246,0
2,10,3,16,8,283,0
2,10,3,16,6,296,0
2,10,3,16,5,306,0
2,10,3,16,5,258,0
0,10,3,16,7,268,0
2,10,4,16,4,324,0
2,10,4,16,6,472,0
2,10,4,16,7,566,0
2,10,4,16,8,640,0
2,10,4,16,9,746,0
2,10,4,16,9,818,0
2,10,4,16,9,924,0
2,10,4,16,7,979,0
2,10,4,16,7,1046,0
2,10,4,16,8,1071,0
2,10,4,16,9,994,0
2,10,4,16,10,1043,0
2,10,4,16,14,443,0
2,10,4,16,15,355,0
2,10,4,16,16,431,0
2,10,4,16,12,505,0
2,10,4,16,10,422,0
2,10,4,16,7,352,0
1,7,4,16,6,462,0
0,11,1,16,13,371,-10
0,11,1,16,12,332,-10
0,11,1,16,11,289,-10
0,11,2,16,1,618,0
0,11,2,16,1,661,0
0,11,2,16,2,618,0
0,11,2,16,3,617,0
0,11,2,16,6,616,0
0,11,2,16,4,616,0
0,11,2,16,5,618,0
0,11,2,16,7,617,0
0,11,2,16,8,617,0
0,11,2,16,9,618,0
0,11,2,16,2,662,0
0,11,2,16,3,662,0
0,11,2,16,4,661,0
0,11,2,16,5,661,0
0,11,2,16,6,662,0
0,11,2,16,7,663,0
0,11,2,16,8,661,0
0,11,2,16,9,663,0
0,11,2,16,10,618,0
0,11,2,16,10,662,0
0,11,2,16,11,662,0
0,11,2,16,11,618,0
0,11,2,16,12,619,0
0,11,2,16,12,662,0
0,11,2,16,13,618,0
0,11,2,16,13,664,0
0,11,2,16,14,665,0
0,11,2,16,14,618,0
0,11,2,16,15,618,0
0,11,2,16,15,663,0
0,11,2,16,16,618,0
0,11,2,16,16,664,0
0,11,3,16,1,662,0
0,11,3,16,1,618,0
0,11,3,16,2,618,0
0,11,3,16,2,662,0
0,11,3,16,3,664,0
0,11,3,16,3,617,0
0,11,3,16,4,618,0
0,11,3,16,4,664,0
0,11,3,16,5,664,0
0,11,3,16,5,619,0
0,11,3,16,6,617,0
0,11,3,16,6,661,0
0,11,3,16,7,661,0
0,11,3,16,7,618,0
0,11,3,16,8,619,0
0,11,3,16,8,662,0
0,11,3,16,10,618,0
0,11,3,16,10,662,0
0,11,3,16,9,662,0
0,11,3,16,9,618,0
0,11,3,16,12,618,0
0,11,3,16,11,618,0
0,11,3,16,11,662,0
0,11,3,16,12,662,0
0,11,3,16,14,618,0
0,11,3,16,13,618,0
0,11,3,16,13,662,0
0,11,3,16,14,663,0
0,11,3,16,16,616,0
0,11,3,16,16,664,0
0,11,3,16,15,664,0
0,11,3,16,15,619,0
0,11,2,16,1,571,0
0,11,2,16,1,530,0
0,11,2,16,1,481,0
0,11,2,16,1,435,0
0,11,2,16,1,391,0
0,11,2,16,4,396,0
0,11,2,16,4,438,0
0,11,2,16,4,481,0
0,11,2,16,4,525,0
0,11,2,16,4,570,0
0,11,2,16,10,415,0
0,11,2,16,9,415,0
0,11,2,16,9,370,0
0,11,2,16,9,325,0
0,11,2,16,9,279,0
0,11,2,16,9,231,0
0,11,2,16,11,414,0
0,11,2,16,12,415,0
0,11,2,16,12,370,0
0,11,2,16,12,324,0
0,11,2,16,12,280,0
0,11,2,16,12,231,0
2,11,2,16,1,279,0
2,11,2,16,2,278,0
2,11,2,16,3,280,0
2,11,2,16,4,278,0
2,11,2,16,5,278,0
2,11,2,16,6,277,0
2,11,2,16,7,276,0
2,11,2,16,7,326,0
2,11,2,16,6,324,0
2,11,2,16,6,369,0
2,11,2,16,7,369,0
2,11,2,16,6,415,0
2,11,2,16,7,418,0
2,11,2,16,7,460,0
2,11,2,16,6,458,0
2,11,2,16,6,504,0
2,11,2,16,7,507,0
2,11,2,16,8,528,0
2,11,2,16,8,483,0
2,11,2,16,9,483,0
2,11,2,16,9,530,0
2,11,2,16,10,483,0
2,11,2,16,10,530,0
2,11,2,16,11,530,0
2,11,2,16,11,482,0
2,11,2,16,12,482,0
2,11,2,16,12,529,0
2,11,2,16,13,529,0
2,11,2,16,13,481,0
2,11,2,16,14,528,0
2,11,2,16,14,480,0
2,11,2,16,1,235,0
2,11,2,16,2,234,0
2,11,2,16,3,234,0
2,11,2,16,4,237,0
2,11,2,16,5,237,0
2,11,2,16,6,236,0
2,11,2,16,7,237,0
0,11,2,16,11,232,0
0,11,2,16,10,232,0
0,11,3,16,1,527,0
0,11,3,16,2,525,0
0,11,3,16,3,526,0
0,11,3,16,1,359,0
0,11,3,16,1,326,0
0,11,3,16,2,325,0
0,11,3,16,2,360,0
0,11,3,16,3,359,0
0,11,3,16,3,325,0
2,11,2,16,15,483,0
0,11,3,16,1,571,0
0,11,3,16,4,573,0
0,11,3,16,4,527,0
0,11,3,16,4,324,0
0,11,3,16,4,358,0
2,11,2,16,15,439,0
2,11,2,16,14,440,0
2,11,2,16,14,392,0
2,11,2,16,14,346,0
2,11,2,16,16,439,0
2,11,3,16,1,442,0
2,11,3,16,2,439,0
2,11,3,16,3,442,0
2,11,3,16,4,442,0
2,11,3,16,5,444,0
2,11,2,16,16,281,0
2,11,3,16,4,270,0
2,11,3,16,2,265,0
2,11,3,16,3,271,0
2,11,3,16,1,272,0
2,11,2,16,15,289,0
2,11,2,16,14,307,0
2,11,2,16,15,339,0
2,11,2,16,15,391,0
2,11,3,16,5,276,0
2,11,3,16,5,318,0
2,11,3,16,5,358,0
2,11,3,16,5,402,0
2,11,3,16,7,278,0
2,11,3,16,7,370,0
2,11,3,16,7,462,0
2,11,3,16,7,550,0
2,11,3,16,9,550,0
2,11,3,16,9,461,0
2,11,3,16,9,370,0
2,11,3,16,9,278,0
2,11,3,16,11,280,0
2,11,3,16,11,370,0
2,11,3,16,11,460,0
2,11,3,16,11,550,0
2,11,3,16,13,551,0
2,11,3,16,13,460,0
2,11,3,16,13,370,0
2,11,3,16,13,279,0
2,11,3,16,15,280,0
2,11,3,16,15,370,0
2,11,3,16,15,461,0
2,11,3,16,15,550,0
0,11,2,16,7,1028,10
0,11,2,16,6,1054,10
0,11,2,16,5,1088,10
2,11,2,16,2,776,0
2,11,2,16,2,956,0
2,11,2,16,6,954,0
2,11,2,16,6,775,0
2,11,2,16,10,775,0
2,11,2,16,10,956,0
2,11,2,16,14,773,0
2,11,2,16,14,955,0
2,11,3,16,2,955,0
2,11,3,16,2,775,0
2,11,3,16,6,776,0
2,11,3,16,6,955,0
2,11,3,16,10,775,0
2,11,3,16,10,956,0
2,11,3,16,14,775,0
2,11,3,16,14,956,0
0,11,3,16,2,864,-5
0,11,3,16,15,1094,10
0,11,3,16,14,1129,10
0,11,3,16,13,1177,10
2,11,4,16,7,348,0
2,11,4,16,6,476,0
2,11,4,16,5,518,0
2,11,4,16,7,582,0
2,11,4,16,9,533,0
2,11,4,16,10,630,0
2,11,4,16,8,745,0
2,11,4,16,6,774,0
2,11,4,16,6,1005,0
2,11,4,16,6,918,0
2,11,4,16,7,853,0
2,11,4,16,10,821,0
2,11,4,16,11,750,0
2,11,4,16,14,805,0
2,11,4,16,13,926,0
0,11,2,16,4,358,0
0,11,2,16,2,356,0
0,11,2,16,1,355,0
0,11,2,16,3,358,0
0,11,1,16,8,895,10
0,11,1,16,7,946,10
0,11,1,16,6,1006,10
0,11,3,16,1,866,5
0,11,1,16,5,297,-15
0,11,1,16,4,269,-15
0,11,1,16,3,226,-15
0,7,3,16,14,847,10
0,12,1,16,4,616,0
0,12,1,16,4,662,0
2,12,1,16,8,572,0
2,12,1,16,8,706,0
0,12,1,16,9,464,0
0,12,1,16,9,820,0
2,12,1,16,5,415,0
2,12,1,16,5,821,0
2,12,1,16,6,889,0
2,12,1,16,7,865,0
2,12,1,16,7,369,0
2,12,1,16,6,344,0
0,12,2,16,12,212,0
0,12,2,16,13,250,0
0,12,2,16,14,325,0
0,12,2,16,13,431,0
0,12,2,16,12,486,0
0,12,2,16,10,549,0
0,12,2,16,11,329,0
0,12,2,16,12,287,0
0,12,2,16,10,346,0
0,12,2,16,9,343,0
2,12,2,16,9,413,-20
2,12,2,16,9,498,-30
2,12,2,16,6,388,5
2,12,2,16,7,495,-10
2,12,2,16,9,576,-10
2,12,2,16,7,551,-10
2,12,2,16,6,686,-5
2,12,2,16,6,730,-10
2,12,2,16,7,722,-15
2,12,2,16,8,725,5
2,12,2,16,9,724,5
2,12,2,16,3,476,-5
2,12,2,16,2,505,-10
2,12,2,16,2,565,-5
2,12,2,16,2,623,5
2,12,2,16,1,591,5
2,12,3,16,6,312,-5
2,12,3,16,3,358,-5
2,12,3,16,4,466,-5
2,12,3,16,9,842,-5
2,12,3,16,8,787,-5
2,12,3,16,6,893,-5
0,12,3,16,4,752,10
0,12,3,16,3,716,10
0,12,3,16,3,777,10
0,12,3,16,8,423,-10
0,12,3,16,10,507,-10
0,12,3,16,7,524,-10
0,12,3,16,15,170,-10
0,12,3,16,13,77,-10
0,12,3,16,11,226,-10
2,12,3,16,12,490,5
2,12,3,16,13,399,5
2,12,3,16,10,359,5
2,12,3,16,9,596,-5
2,12,3,16,7,602,-5
2,12,3,16,8,630,-5
0,12,3,16,15,934,5
0,12,3,16,12,926,5
2,12,3,16,16,660,-5
2,12,3,16,15,593,-5
2,12,3,16,15,702,-5
2,12,4,16,4,716,0
2,12,4,16,6,413,0
2,12,4,16,8,359,0
2,12,4,16,12,310,0
2,12,4,16,11,393,0
2,12,4,16,11,583,0
2,12,4,16,10,731,0
2,12,4,16,13,1017,0
2,12,4,16,11,975,0
2,13,1,16,1,278,5
2,13,1,16,1,370,-10
2,13,1,16,1,460,-15
2,13,1,16,1,550,5
2,13,1,16,1,640,15
2,13,1,16,1,730,-10
2,13,1,16,1,820,0
2,13,1,16,1,910,10
2,13,1,16,1,999,10
2,13,1,16,3,999,-15
2,13,1,16,3,910,10
2,13,1,16,3,820,-5
2,13,1,16,3,730,25
2,13,1,16,3,639,-10
2,13,1,16,3,550,20
2,13,1,16,3,461,25
2,13,1,16,3,370,-25
2,13,1,16,3,280,-20
2,13,1,16,5,279,-10
2,13,1,16,5,369,-25
2,13,1,16,5,459,-20
2,13,1,16,5,550,-10
2,13,1,16,5,641,5
2,13,1,16,5,730,-10
2,13,1,16,5,819,-15
2,13,1,16,5,910,20
2,13,1,16,5,1000,10
2,13,1,16,7,998,-5
2,13,1,16,7,910,10
2,13,1,16,7,820,25
2,13,1,16,7,730,-20
2,13,1,16,7,640,-5
2,13,1,16,7,550,-20
2,13,1,16,7,460,-10
2,13,1,16,7,370,0
2,13,1,16,7,280,5
2,13,1,16,9,1000,5
2,13,1,16,9,909,20
2,13,1,16,9,820,5
2,13,1,16,9,730,5
2,13,1,16,9,640,0
2,13,1,16,9,550,-15
2,13,1,16,9,460,0
2,13,1,16,9,371,-10
2,13,1,16,9,279,-20
1,12,4,16,3,640,0
2,13,1,16,11,280,-35
2,13,1,16,11,370,-25
2,13,1,16,11,459,0
2,13,1,16,11,550,-15
2,13,1,16,11,640,5
2,13,1,16,11,730,0
2,13,1,16,11,820,15
2,13,1,16,11,910,5
2,13,1,16,11,1000,15
2,13,1,16,13,999,-5
2,13,1,16,13,910,-5
2,13,1,16,13,822,-10
2,13,1,16,13,731,0
2,13,1,16,13,640,-10
2,13,1,16,13,550,10
2,13,1,16,13,459,-5
2,13,1,16,13,371,-10
2,13,1,16,13,279,-5
2,13,1,16,15,280,-10
2,13,1,16,15,370,0
2,13,1,16,15,460,0
2,13,1,16,15,550,0
2,13,1,16,15,640,15
2,13,1,16,15,729,0
2,13,1,16,15,819,0
2,13,1,16,15,909,0
2,13,1,16,15,999,0
0,12,3,16,13,769,5
2,13,2,16,2,369,0
2,13,2,16,4,459,0
2,13,2,16,6,370,0
2,13,2,16,8,278,0
2,13,2,16,10,370,0
2,13,2,16,12,460,0
2,13,2,16,2,910,0
2,13,2,16,4,999,0
2,13,2,16,6,909,0
2,13,2,16,8,820,0
2,13,2,16,10,910,0
2,13,2,16,12,999,0
0,13,2,16,12,639,0
0,13,2,16,12,819,0
0,13,2,16,10,730,0
0,13,2,16,10,550,0
0,13,2,16,8,461,0
0,13,2,16,6,551,0
0,13,2,16,8,638,0
0,13,2,16,6,730,0
0,13,2,16,4,820,0
0,13,2,16,2,731,0
0,13,2,16,2,549,0
0,13,2,16,4,642,0
2,13,3,16,2,1088,0
2,13,3,16,1,951,0
2,13,3,16,3,841,0
2,13,3,16,4,793,0
2,13,3,16,5,741,0
2,13,3,16,2,900,0
2,13,3,16,2,332,0
2,13,3,16,3,278,0
2,13,3,16,4,224,0
2,13,3,16,2,415,0
2,13,3,16,3,489,0
2,13,3,16,4,546,0
2,13,3,16,5,611,0
2,13,3,16,5,684,0
2,13,3,16,1,1011,0
2,13,3,16,7,235,0
2,13,3,16,6,289,0
2,13,3,16,5,369,0
2,13,3,16,5,472,0
2,13,3,16,6,528,0
2,13,3,16,6,768,0
2,13,3,16,7,613,0
2,13,3,16,7,671,0
2,13,3,16,7,705,0
2,13,3,16,5,879,0
2,13,3,16,4,936,0
2,13,3,16,3,1023,0
2,13,3,16,12,231,0
2,13,3,16,9,398,0
2,13,3,16,9,657,0
2,13,3,16,6,1012,0
2,13,3,16,7,864,0
2,13,3,16,8,458,0
2,13,3,16,6,937,0
2,13,3,16,10,303,0
2,13,3,16,9,531,0
2,13,3,16,9,776,0
2,13,3,16,4,1067,0
2,13,3,16,13,302,0
2,13,3,16,12,369,0
2,13,3,16,11,419,0
2,13,3,16,11,532,0
2,13,3,16,11,622,0
2,13,3,16,11,707,0
2,13,3,16,11,799,0
2,13,3,16,10,928,0
2,13,3,16,9,967,0
2,13,3,16,14,437,0
2,13,3,16,13,547,0
2,13,3,16,13,605,0
2,13,3,16,12,968,0
2,13,3,16,13,779,0
2,13,4,16,3,257,0
2,13,4,16,1,412,0
2,13,4,16,8,335,0
2,13,4,16,12,509,0
2,13,4,16,13,572,0
2,13,4,16,15,578,0
2,13,4,16,11,647,0
2,13,4,16,8,542,0
2,13,4,16,2,563,0
2,13,4,16,5,858,0
2,13,4,16,8,763,0
2,13,4,16,5,670,0
2,13,4,16,4,660,0
2,13,4,16,11,907,0
2,13,4,16,10,1049,0
1,13,4,16,12,753,0
2,14,1,16,5,281,-20
2,14,1,16,4,304,-20
2,14,1,16,3,327,-20
2,14,1,16,3,297,-20
2,14,1,16,4,336,-20
2,14,1,16,6,264,-20
2,14,1,16,11,461,0
2,14,1,16,10,459,0
2,14,1,16,9,460,0
2,14,1,16,8,459,0
2,14,1,16,7,461,0
2,14,1,16,8,420,0
2,14,1,16,8,499,0
2,14,1,16,11,428,0
2,14,1,16,12,419,0
2,14,1,16,11,495,0
2,14,1,16,12,498,0
2,14,1,16,5,784,15
2,14,1,16,4,721,15
2,14,1,16,3,630,15
2,14,1,16,2,551,15
0,14,1,16,10,979,0
0,14,1,16,11,976,0
0,14,1,16,9,978,0
0,14,1,16,8,977,0
0,14,1,16,7,977,0
0,14,1,16,8,1008,0
0,14,1,16,8,940,0
0,14,1,16,11,944,0
0,14,1,16,11,1006,0
0,14,1,16,12,929,0
0,14,1,16,12,1017,0
0,14,1,16,16,274,-15
0,14,1,16,15,305,-15
0,14,1,16,14,329,-15
2,14,2,16,1,660,-5
2,14,1,16,16,661,-5
2,14,1,16,15,660,-5
2,14,1,16,14,663,-5
0,14,2,16,1,579,0
0,14,2,16,2,548,0
0,14,2,16,3,513,0
0,14,2,16,2,613,0
0,14,2,16,3,634,0
2,14,2,16,3,574,0
2,14,2,16,5,563,0
2,14,2,16,7,553,0
2,14,2,16,9,538,0
0,14,2,16,10,450,0
0,14,2,16,9,489,0
0,14,2,16,10,582,0
0,14,2,16,11,585,0
2,14,2,16,13,887,10
2,14,2,16,11,968,10
2,14,2,16,11,865,10
0,14,2,16,12,937,10
0,14,2,16,13,986,10
0,14,2,16,14,1060,10
2,14,2,16,6,928,5
2,14,2,16,4,915,5
2,14,2,16,2,887,5
2,14,2,16,15,213,-15
2,14,2,16,14,289,-15
2,14,2,16,13,387,-15
2,14,3,16,11,461,0
2,14,3,16,11,820,0
2,14,3,16,12,887,0
2,14,3,16,13,944,0
2,14,3,16,15,1001,0
2,14,3,16,15,280,0
2,14,3,16,12,392,0
2,14,3,16,13,336,0
2,14,3,16,12,529,0
2,14,3,16,12,749,0
0,14,3,16,12,596,0
0,14,3,16,12,684,0
0,14,3,16,12,637,0
0,14,3,16,15,394,0
0,14,3,16,15,889,0
0,14,3,16,15,550,0
0,14,3,16,15,732,0
2,14,3,16,3,640,0
2,14,3,16,4,680,0
2,14,3,16,4,603,0
2,14,3,16,7,617,0
2,14,3,16,7,665,0
2,14,3,16,5,641,0
2,14,3,16,6,640,0
0,14,3,16,5,459,10
0,14,3,16,3,437,10
0,14,3,16,1,415,10
0,14,3,16,8,774,-5
0,14,3,16,6,799,-5
0,14,3,16,4,819,-5
2,14,4,16,3,399,0
2,14,4,16,6,366,0
2,14,4,16,10,387,0
2,14,4,16,11,324,0
2,14,4,16,12,393,0
2,14,4,16,12,663,0
2,14,4,16,11,700,0
2,14,4,16,6,673,0
2,14,4,16,4,692,0
2,14,4,16,13,732,0
2,14,4,16,13,830,0
2,14,4,16,13,931,0
2,14,4,16,16,978,0
2,14,4,16,10,940,0
2,14,4,16,9,1007,0
2,14,4,16,7,911,0
2,14,4,16,5,942,0
2,14,4,16,15,602,0
2,14,4,16,14,680,0
2,14,4,16,15,747,0
2,14,4,16,16,481,0
2,15,1,16,4,458,0
2,15,1,16,4,818,0
2,15,1,16,4,775,0
2,15,1,16,4,731,0
2,15,1,16,4,685,0
2,15,1,16,4,639,0
2,15,1,16,4,592,0
2,15,1,16,4,549,0
2,15,1,16,4,506,0
2,15,1,16,8,459,0
2,15,1,16,8,817,0
2,15,1,16,7,417,0
2,15,1,16,7,350,0
2,15,1,16,5,416,0
2,15,1,16,5,350,0
2,15,1,16,2,389,0
2,15,1,16,3,458,0
2,15,1,16,3,818,0
2,15,1,16,2,894,0
2,15,1,16,7,863,0
2,15,1,16,7,936,0
2,15,1,16,5,865,0
2,15,1,16,5,938,0
2,15,1,16,7,818,0
2,15,1,16,6,818,0
2,15,1,16,5,821,0
2,15,1,16,5,460,0
2,15,1,16,6,459,0
2,15,1,16,7,461,0
2,15,1,16,8,504,0
2,15,1,16,8,552,0
2,15,1,16,8,593,0
2,15,1,16,8,636,0
2,15,1,16,8,686,0
2,15,1,16,8,730,0
2,15,1,16,8,774,0
2,15,1,16,7,899,0
2,15,1,16,5,902,0
2,15,1,16,7,385,0
2,15,1,16,5,380,0
2,15,1,16,3,417,0
2,15,1,16,3,861,0
2,15,1,16,7,511,0
2,15,1,16,7,638,0
2,15,1,16,7,713,0
2,15,1,16,7,751,0
2,15,1,16,6,752,0
2,15,1,16,5,737,0
2,15,1,16,5,708,0
2,15,1,16,5,626,0
2,15,1,16,5,577,0
2,15,1,16,6,535,0
2,15,1,16,5,523,0
2,15,1,16,6,601,0
2,15,1,16,6,693,0
2,15,1,16,6,664,0
2,15,1,16,7,583,0
2,15,1,16,9,548,0
2,15,1,16,10,531,0
2,15,1,16,9,729,0
2,15,1,16,10,753,0
2,15,1,16,9,437,0
2,15,1,16,9,841,0
2,15,1,16,10,415,0
2,15,1,16,10,864,0
2,15,1,16,9,394,0
2,15,1,16,10,369,0
2,15,1,16,11,346,0
2,15,1,16,12,344,0
2,15,1,16,11,437,0
2,15,1,16,11,931,0
2,15,1,16,9,882,0
2,15,1,16,10,900,0
0,15,1,16,13,390,0
0,15,1,16,14,857,0
0,15,1,16,13,917,0
0,15,1,16,15,794,0
0,15,1,16,11,812,0
0,15,2,16,15,475,-5
0,15,2,16,13,426,-5
0,15,2,16,11,369,-5
0,15,2,16,9,308,-5
0,15,2,16,14,570,5
0,15,2,16,12,606,5
0,15,2,16,10,667,5
2,15,2,16,9,799,-10
2,15,2,16,7,738,-10
2,15,2,16,5,686,-10
2,15,2,16,3,648,-10
2,15,2,16,8,856,10
2,15,2,16,6,874,10
2,15,2,16,4,905,10
2,15,3,16,14,1000,5
2,15,3,16,12,1000,5
2,15,3,16,10,1001,10
2,15,3,16,8,997,15
2,15,3,16,6,1001,15
2,15,3,16,4,998,10
2,15,3,16,2,998,5
0,15,3,16,13,278,-5
0,15,3,16,11,279,-10
0,15,3,16,9,280,-15
0,15,3,16,7,278,-15
0,15,3,16,5,278,-10
0,15,3,16,3,278,-5
0,15,3,16,15,277,-5
0,15,3,16,11,729,15
0,15,3,16,9,730,15
0,15,3,16,7,728,15
2,15,3,16,10,547,-15
2,15,3,16,8,549,-15
2,15,3,16,6,548,-15
2,15,3,16,11,439,-10
2,15,3,16,9,414,-10
2,15,3,16,7,394,-10
2,15,3,16,5,409,-10
2,15,3,16,3,459,-10
0,15,3,16,14,818,5
0,15,3,16,12,845,5
0,15,3,16,10,864,5
0,15,3,16,8,859,5
0,15,3,16,6,837,5
2,15,4,16,15,899,0
2,15,4,16,11,708,0
2,15,4,16,10,546,0
2,15,4,16,7,613,0
2,15,4,16,8,719,0
2,15,4,16,4,450,0
2,15,4,16,12,279,0
2,16,2,16,13,317,0
2,16,2,16,11,329,0
2,16,2,16,9,337,0
2,16,2,16,7,357,0
2,16,2,16,5,363,0
2,16,2,16,13,403,0
2,16,2,16,9,417,0
2,16,2,16,5,428,0
2,16,2,16,5,499,0
2,16,2,16,9,492,0
2,16,2,16,13,469,0
2,16,2,16,5,632,0
2,16,2,16,7,626,0
2,16,2,16,9,607,0
2,16,2,16,11,589,0
2,16,2,16,8,763,0
2,16,2,16,11,736,0
2,16,2,16,13,728,0
2,16,2,16,12,850,0
2,16,2,16,9,864,0
2,16,2,16,6,896,0
2,16,2,16,4,913,0
2,16,2,16,5,1003,0
2,16,2,16,8,1049,0
2,16,2,16,11,951,0
2,16,2,16,10,1035,0
0,16,2,16,11,657,0
0,16,2,16,9,689,0
0,16,2,16,7,708,0
0,16,2,16,5,765,0
0,16,2,16,13,584,0
2,16,3,16,9,280,0
2,16,3,16,9,369,0
2,16,3,16,9,461,0
2,16,3,16,9,550,0
2,16,3,16,9,640,0
2,16,3,16,9,729,0
2,16,3,16,9,820,0
2,16,3,16,9,910,0
2,16,3,16,9,1001,0
2,16,3,16,8,326,25
2,16,3,16,8,416,25
2,16,3,16,8,505,20
2,16,3,16,8,596,15
2,16,3,16,8,685,-15
2,16,3,16,8,775,-20
2,16,3,16,8,865,-25
2,16,3,16,8,956,-25
