12,
40,
40,
40,
40,
40,
40,
40,
40,
40,
40,
40,
40,
1105,16,2339
2,1,2,16,13,505,0
2,1,2,16,9,536,0
2,1,2,16,12,641,0
2,1,2,16,9,690,0
2,1,2,16,13,816,0
0,1,2,16,10,371,0
0,1,2,16,11,538,0
0,1,2,16,7,463,0
0,1,2,16,7,509,0
0,1,2,16,7,550,0
0,1,2,16,4,383,0
0,1,2,16,4,575,0
2,1,2,16,14,637,0
2,1,2,16,14,977,0
2,1,2,16,9,775,0
2,1,2,16,9,836,0
2,1,2,16,9,889,0
2,1,2,16,4,697,0
0,1,3,16,11,814,0
0,1,3,16,10,778,0
0,1,3,16,9,739,0
0,1,3,16,8,719,0
0,1,3,16,10,871,0
0,1,3,16,9,904,0
0,1,3,16,8,916,0
0,1,3,16,9,688,0
0,1,3,16,10,684,0
0,1,3,16,11,688,0
0,1,3,16,12,692,0
0,1,3,16,13,723,0
0,1,3,16,14,755,0
0,1,3,16,15,811,0
0,1,3,16,14,877,0
0,1,3,16,13,901,0
0,1,3,16,12,927,0
0,1,3,16,11,945,0
0,1,3,16,10,948,0
0,1,3,16,9,950,0
0,1,3,16,16,770,0
0,1,4,16,1,720,0
0,1,4,16,1,781,0
0,1,4,16,1,834,0
0,1,4,16,1,883,0
0,1,4,16,1,913,0
0,1,3,16,16,880,0
2,1,3,16,7,804,0
2,1,3,16,6,843,0
2,1,3,16,5,873,0
2,1,3,16,4,872,0
2,1,3,16,3,846,0
2,1,3,16,3,798,0
2,1,3,16,4,768,0
2,1,3,16,9,444,0
2,1,3,16,8,415,0
2,1,3,16,7,398,0
2,1,3,16,6,424,0
2,1,3,16,6,478,0
2,1,3,16,7,505,0
1,1,3,16,10,453,0
2,1,3,16,10,734,0
2,1,4,16,5,458,0
2,1,4,16,4,415,0
2,1,4,16,3,371,0
2,1,4,16,4,499,0
2,1,4,16,3,534,0
2,1,4,16,2,549,0
2,1,4,16,2,359,0
2,1,4,16,3,324,0
2,1,4,16,4,317,0
2,1,4,16,5,319,0
2,1,4,16,6,328,0
2,1,4,16,7,353,0
2,1,4,16,8,380,0
2,1,4,16,9,412,0
2,1,4,16,10,464,0
2,1,4,16,9,508,0
2,1,4,16,8,537,0
2,1,4,16,7,562,0
2,1,4,16,6,578,0
2,1,4,16,5,590,0
2,1,4,16,4,594,0
2,1,4,16,3,588,0
2,1,4,16,4,551,0
2,1,4,16,5,509,0
2,1,4,16,5,550,0
2,1,4,16,6,528,0
2,1,4,16,6,492,0
2,1,4,16,6,457,0
2,1,4,16,6,409,0
2,1,4,16,6,370,0
2,1,4,16,5,367,0
2,1,4,16,5,414,0
2,1,4,16,7,404,0
2,1,4,16,7,442,0
2,1,4,16,7,497,0
2,1,4,16,8,432,0
2,1,4,16,8,471,0
2,1,4,16,9,455,0
0,1,4,16,4,360,0
2,1,4,16,11,415,0
2,1,4,16,12,371,0
2,1,4,16,12,425,0
2,1,4,16,12,482,0
2,1,4,16,12,527,0
2,1,4,16,12,573,0
2,1,4,16,11,466,0
2,1,4,16,11,505,0
2,1,4,16,2,460,0
2,1,4,16,1,456,0
2,1,3,16,16,456,0
2,1,3,16,15,456,0
2,1,3,16,14,462,0
2,1,3,16,13,457,0
2,1,3,16,12,461,0
0,1,3,16,9,817,0
0,1,3,16,8,826,0
0,1,2,16,14,290,0
0,1,2,16,15,365,0
0,1,2,16,13,368,0
0,1,2,16,12,466,0
2,1,2,16,10,607,0
2,1,2,16,8,678,0
2,1,2,16,7,734,0
2,1,2,16,5,730,0
2,1,2,16,6,758,0
2,1,2,16,4,773,0
2,1,2,16,4,843,0
2,1,2,16,4,916,0
2,1,2,16,5,908,0
2,1,2,16,6,875,0
2,1,2,16,7,809,0
2,1,1,16,15,551,0
2,1,1,16,13,644,0
2,1,1,16,12,595,0
2,1,1,16,11,545,0
2,1,1,16,10,595,0
2,1,1,16,10,637,0
2,1,1,16,10,701,0
2,1,1,16,10,746,0
2,1,1,16,11,777,0
2,1,1,16,12,818,0
2,1,1,16,16,605,0
2,1,1,16,16,648,0
2,1,1,16,16,690,0
2,1,1,16,16,738,0
2,1,1,16,15,774,0
2,1,1,16,14,816,0
2,1,1,16,13,830,0
2,1,1,16,14,858,0
2,1,1,16,15,871,0
2,1,1,16,14,904,0
2,1,1,16,13,915,0
2,1,1,16,12,906,0
2,1,1,16,11,900,0
2,1,1,16,10,900,0
2,1,1,16,11,865,0
2,1,1,16,14,595,0
1,1,1,16,15,637,0
0,1,1,16,14,694,0
0,1,1,16,13,741,0
0,1,1,16,12,688,0
0,1,1,16,11,728,0
0,1,1,16,11,641,0
2,1,2,16,16,461,0
2,1,3,16,1,529,0
2,1,3,16,2,574,0
2,1,3,16,3,600,0
2,1,3,16,4,619,0
2,1,3,16,5,622,0
2,1,3,16,7,623,0
2,1,3,16,8,674,0
2,1,3,16,4,321,0
2,1,3,16,3,325,0
2,1,3,16,4,361,0
2,1,3,16,3,362,0
2,1,3,16,4,403,0
2,1,3,16,4,282,0
2,1,3,16,5,347,0
2,1,3,16,2,314,0
2,1,3,16,2,380,0
0,1,4,16,9,787,0
0,1,4,16,8,765,0
0,1,4,16,7,761,0
0,1,4,16,6,768,0
0,1,4,16,5,830,0
0,1,4,16,7,864,0
0,1,4,16,6,875,0
2,1,4,16,10,812,0
2,1,4,16,11,818,0
2,1,4,16,12,817,0
2,1,4,16,15,746,0
2,1,4,16,16,774,0
2,2,1,16,1,817,0
2,1,4,16,16,859,0
2,1,4,16,15,893,0
2,1,4,16,16,928,0
2,2,1,16,1,942,0
2,2,1,16,2,950,0
2,2,1,16,3,950,0
2,2,1,16,4,936,0
2,2,1,16,5,907,0
2,2,1,16,6,876,0
2,2,1,16,7,826,0
2,2,1,16,6,780,0
2,2,1,16,5,753,0
2,2,1,16,4,724,0
2,2,1,16,3,715,0
2,2,1,16,2,704,0
2,2,1,16,1,700,0
2,1,4,16,16,718,0
2,2,1,16,8,769,0
2,2,1,16,8,874,0
2,2,1,16,8,830,0
1,2,1,16,2,755,0
0,2,1,16,3,803,0
0,2,1,16,2,860,0
0,2,1,16,4,825,0
0,2,1,16,3,868,0
0,2,1,16,5,850,0
0,2,1,16,4,877,0
0,2,1,16,9,918,0
0,2,1,16,9,865,0
0,2,1,16,9,823,0
0,2,1,16,9,777,0
0,2,1,16,9,732,0
0,2,1,16,9,961,0
0,2,1,16,9,692,0
2,2,1,16,2,456,0
2,2,1,16,1,421,0
2,1,4,16,16,422,0
2,1,4,16,15,439,0
2,1,4,16,15,474,0
2,1,4,16,15,520,0
2,1,4,16,16,546,0
2,2,1,16,3,458,0
2,2,1,16,4,470,0
0,2,1,16,9,350,0
0,2,1,16,10,336,0
2,2,1,16,8,373,0
2,2,1,16,9,415,0
2,2,1,16,10,453,0
2,2,1,16,9,499,0
2,2,1,16,8,521,0
0,2,1,16,11,336,0
0,2,1,16,12,329,0
0,2,1,16,13,341,0
0,2,1,16,14,362,0
0,2,1,16,15,383,0
0,2,1,16,16,420,0
2,2,2,16,1,416,0
2,2,2,16,2,389,0
2,2,2,16,3,372,0
2,2,2,16,3,419,0
2,2,2,16,3,491,0
2,2,2,16,3,540,0
2,2,2,16,3,580,0
2,2,2,16,3,625,0
2,2,2,16,1,555,0
2,2,2,16,2,440,0
2,2,2,16,2,482,0
2,2,2,16,2,532,0
2,2,2,16,1,467,0
2,2,2,16,1,515,0
0,2,1,16,16,556,0
0,2,1,16,15,583,0
0,2,1,16,11,621,0
0,2,1,16,10,604,0
0,2,1,16,9,577,0
2,2,1,16,11,393,0
0,2,1,16,14,414,0
0,2,1,16,13,414,0
0,2,1,16,12,411,0
2,2,2,16,3,457,0
0,2,1,16,16,685,0
0,2,1,16,15,718,0
0,2,1,16,15,764,0
0,2,1,16,16,779,0
0,2,2,16,1,650,0
2,2,1,16,13,682,0
2,2,1,16,12,545,0
2,2,1,16,13,545,0
2,2,1,16,14,546,0
2,2,1,16,14,598,0
2,2,1,16,13,601,0
2,2,1,16,12,604,0
2,2,1,16,12,709,0
2,2,1,16,11,731,0
2,2,1,16,12,776,0
2,2,1,16,13,806,0
2,2,1,16,13,845,0
2,2,1,16,12,860,0
2,2,1,16,11,886,0
2,2,1,16,11,934,0
2,2,1,16,12,959,0
2,2,1,16,13,980,0
2,2,2,16,1,801,0
2,2,2,16,1,838,0
2,2,1,16,16,873,0
2,2,1,16,15,899,0
2,2,2,16,1,974,0
2,2,1,16,16,939,0
2,2,2,16,2,584,0
0,2,2,16,8,820,0
0,2,2,16,7,814,0
0,2,2,16,6,780,0
0,2,2,16,5,768,0
0,2,2,16,4,780,0
0,2,2,16,3,815,0
0,2,2,16,3,868,0
0,2,2,16,4,914,0
0,2,2,16,5,879,0
2,2,2,16,9,1000,0
2,2,2,16,8,1005,0
2,2,2,16,6,1001,0
2,2,2,16,7,997,0
2,2,2,16,5,997,0
2,2,2,16,9,729,0
2,2,2,16,10,768,0
2,2,2,16,11,808,0
2,2,2,16,10,837,0
2,2,2,16,9,869,0
2,2,2,16,10,690,0
2,2,2,16,11,684,0
2,2,2,16,12,683,0
2,2,2,16,13,682,0
2,2,2,16,14,701,0
2,2,2,16,15,731,0
2,2,2,16,16,777,0
2,2,3,16,1,819,0
2,2,2,16,16,860,0
2,2,2,16,15,892,0
2,2,2,16,14,909,0
2,2,2,16,13,918,0
2,2,2,16,12,922,0
2,2,2,16,11,920,0
2,2,2,16,10,908,0
2,2,3,16,2,778,0
2,2,3,16,3,729,0
2,2,3,16,3,777,0
2,2,3,16,3,833,0
2,2,3,16,3,890,0
2,2,3,16,3,926,0
2,2,3,16,2,895,0
2,2,3,16,1,860,0
1,2,2,16,11,735,0
0,2,2,16,13,808,15
0,2,2,16,12,831,15
0,2,2,16,15,817,15
0,2,2,16,14,850,15
2,2,2,16,7,449,0
2,2,2,16,8,429,0
2,2,2,16,9,424,0
2,2,2,16,10,432,0
2,2,2,16,6,509,0
2,2,2,16,7,541,0
2,2,2,16,8,551,0
2,2,2,16,9,503,0
2,2,2,16,6,470,0
2,2,2,16,11,462,0
0,2,2,16,13,454,0
0,2,2,16,14,464,0
0,2,2,16,16,411,0
0,2,3,16,2,461,0
0,2,3,16,1,439,0
0,2,3,16,1,489,0
0,2,2,16,16,521,0
0,2,3,16,1,544,0
0,2,3,16,2,560,0
0,2,3,16,3,577,0
0,2,3,16,4,573,0
0,2,3,16,5,566,0
0,2,3,16,6,551,0
0,2,3,16,7,512,0
0,2,3,16,8,467,0
0,2,3,16,7,424,0
0,2,3,16,6,393,0
0,2,3,16,5,373,0
0,2,3,16,4,369,0
0,2,3,16,3,368,0
0,2,3,16,2,367,0
0,2,3,16,1,376,0
2,2,3,16,2,411,0
0,2,3,16,9,413,0
0,2,3,16,10,384,0
0,2,3,16,10,440,0
0,2,3,16,10,497,0
0,2,3,16,10,567,0
0,2,3,16,9,528,0
2,2,2,16,15,274,0
2,2,2,16,14,274,0
2,2,2,16,13,276,0
2,2,2,16,12,277,0
2,2,2,16,11,278,0
2,1,3,16,1,776,0
2,1,2,16,16,777,0
2,1,3,16,1,829,0
2,1,2,16,16,825,0
2,1,3,16,2,893,0
2,1,3,16,2,718,0
2,1,2,16,14,710,0
2,1,3,16,15,558,0
2,1,3,16,14,558,0
2,1,3,16,15,596,0
2,1,3,16,14,601,0
2,1,3,16,16,659,0
2,1,3,16,16,515,0
2,1,3,16,12,506,0
2,1,3,16,14,322,0
2,1,3,16,13,322,0
2,1,3,16,14,367,0
2,1,3,16,13,368,0
2,1,3,16,15,291,0
2,1,3,16,11,284,0
2,1,3,16,15,417,0
0,1,4,16,10,638,0
0,1,4,16,9,641,0
0,1,4,16,10,684,0
0,1,4,16,9,692,0
0,1,4,16,10,723,0
0,1,4,16,10,593,0
0,1,4,16,11,670,0
0,1,4,16,8,629,0
0,1,4,16,8,701,0
2,2,1,16,16,471,0
2,2,1,16,15,465,0
2,2,1,16,14,463,0
2,2,1,16,13,463,0
2,2,1,16,12,462,0
2,2,1,16,11,462,0
2,2,3,16,6,452,-20
2,2,3,16,5,424,-20
2,2,3,16,4,420,-20
2,2,3,16,3,435,-20
2,2,3,16,6,499,-20
2,2,3,16,5,507,-20
2,2,3,16,4,507,-20
2,2,3,16,3,494,-20
2,2,3,16,13,297,-15
2,2,3,16,13,330,-15
2,2,3,16,13,365,-15
2,2,3,16,13,398,-20
2,2,3,16,13,438,-20
2,2,3,16,13,478,-20
2,2,3,16,13,522,-25
2,2,3,16,13,557,-25
2,2,3,16,13,601,-25
2,2,3,16,13,641,0
2,2,3,16,13,682,15
2,2,3,16,13,727,15
2,2,3,16,13,783,15
2,2,3,16,13,873,20
2,2,3,16,13,941,25
2,2,3,16,13,999,25
2,2,3,16,13,909,20
2,2,3,16,13,831,20
2,2,3,16,11,740,0
2,2,3,16,11,798,0
2,2,3,16,11,855,0
2,2,3,16,10,908,0
2,2,3,16,11,960,0
2,2,3,16,10,995,0
2,2,3,16,11,995,0
2,2,3,16,9,990,0
2,2,3,16,8,990,0
2,2,3,16,7,990,0
2,2,3,16,6,990,0
2,2,3,16,7,951,0
2,2,3,16,8,915,0
2,2,3,16,7,899,0
2,2,3,16,6,853,0
2,2,3,16,6,803,0
2,2,3,16,6,738,0
2,2,3,16,7,684,0
2,2,3,16,8,636,0
2,2,3,16,9,621,0
2,2,3,16,10,690,0
0,2,4,16,2,324,0
0,2,4,16,3,417,0
0,2,4,16,5,552,0
0,2,4,16,7,685,0
0,2,4,16,9,724,0
0,2,4,16,11,820,0
0,2,4,16,10,728,0
0,2,4,16,2,429,0
0,2,4,16,1,580,0
0,2,4,16,1,654,0
0,2,3,16,16,713,0
2,2,3,16,15,863,0
2,2,3,16,15,827,0
2,2,3,16,16,916,0
2,2,3,16,15,988,0
2,2,3,16,14,919,0
2,2,3,16,14,953,0
2,2,4,16,5,778,0
2,2,4,16,4,778,0
2,2,4,16,5,816,0
2,2,4,16,4,817,0
2,2,4,16,5,857,0
2,2,4,16,5,743,0
2,2,4,16,6,796,0
2,2,4,16,3,756,0
2,2,4,16,3,830,0
0,2,4,16,9,417,0
0,2,4,16,8,418,0
0,2,4,16,9,461,0
0,2,4,16,8,458,0
0,2,4,16,9,500,0
0,2,4,16,9,372,0
0,2,4,16,10,450,0
0,2,4,16,7,405,0
0,2,4,16,7,478,0
2,3,1,16,4,576,0
2,2,4,16,13,534,0
2,2,4,16,13,814,0
0,3,1,16,1,635,0
0,2,4,16,16,644,0
0,3,1,16,1,706,0
0,2,4,16,16,691,0
0,2,4,16,16,734,0
0,3,1,16,1,779,0
0,3,1,16,2,814,0
0,3,1,16,2,756,0
0,3,1,16,3,832,0
0,3,1,16,2,645,0
2,3,1,16,1,357,0
2,2,4,16,14,477,0
2,3,1,16,2,505,0
2,2,4,16,15,671,0
2,3,1,16,4,685,0
2,2,4,16,15,824,0
2,2,4,16,15,1005,0
2,2,4,16,12,886,0
2,2,4,16,12,920,0
2,2,4,16,12,950,0
2,2,4,16,9,787,0
2,2,4,16,9,997,0
2,2,4,16,14,324,0
2,2,4,16,13,324,0
2,2,4,16,14,364,0
2,2,4,16,13,367,0
2,2,4,16,14,402,0
2,2,4,16,14,293,0
2,2,4,16,15,353,0
2,2,4,16,12,314,0
2,2,4,16,12,387,0
0,3,1,16,6,326,0
0,3,1,16,7,407,0
2,3,1,16,4,467,0
2,3,1,16,7,596,0
2,3,1,16,2,588,0
0,3,1,16,5,763,0
0,3,1,16,7,907,0
0,3,1,16,9,717,0
0,3,1,16,10,598,0
0,3,1,16,12,685,0
0,3,1,16,13,729,0
2,3,1,16,13,317,0
2,3,1,16,14,376,0
2,3,1,16,10,417,0
2,3,1,16,13,514,0
2,3,1,16,8,520,0
2,3,1,16,10,728,0
2,3,1,16,10,804,0
2,3,1,16,15,648,0
2,3,2,16,1,546,0
2,3,2,16,1,643,0
2,3,2,16,1,681,0
2,3,1,16,15,866,0
2,3,1,16,14,861,0
2,3,1,16,15,903,0
2,3,1,16,14,904,0
2,3,1,16,15,949,0
2,3,1,16,15,821,0
2,3,1,16,13,848,0
2,3,1,16,13,908,0
2,3,1,16,16,886,0
2,3,1,16,10,916,0
2,3,1,16,10,953,0
2,3,1,16,9,955,0
2,3,1,16,10,993,0
2,3,1,16,10,878,0
2,3,1,16,11,928,0
2,3,1,16,9,915,0
2,3,1,16,8,888,0
2,3,1,16,8,984,0
2,3,1,16,5,870,0
2,3,1,16,2,898,0
2,3,1,16,5,999,0
0,3,2,16,7,672,0
0,3,2,16,6,632,0
0,3,2,16,3,745,0
0,3,2,16,5,833,0
0,3,2,16,3,914,0
0,3,2,16,1,902,0
0,3,2,16,1,760,0
0,3,1,16,16,751,0
0,3,2,16,8,971,0
0,3,2,16,12,959,0
0,3,2,16,11,825,0
0,3,2,16,13,732,0
0,3,2,16,9,731,0
0,3,2,16,12,413,0
0,3,2,16,9,604,0
0,3,2,16,14,599,0
2,3,2,16,7,278,0
2,3,2,16,10,416,0
2,3,2,16,7,410,0
2,3,2,16,9,535,0
2,3,2,16,3,376,0
2,3,2,16,4,442,0
2,3,2,16,6,505,0
2,3,2,16,7,601,0
2,3,2,16,8,722,0
2,3,2,16,3,502,0
2,3,2,16,1,455,0
2,3,1,16,16,448,0
2,3,2,16,4,588,0
2,3,2,16,2,625,0
2,3,1,16,16,625,0
2,3,2,16,12,601,0
2,3,2,16,11,599,0
2,3,2,16,12,641,0
2,3,2,16,11,637,0
2,3,2,16,12,679,0
2,3,2,16,12,562,0
2,3,2,16,13,621,0
2,3,2,16,10,578,0
2,3,2,16,10,672,0
2,3,2,16,8,825,0
2,3,2,16,7,826,0
2,3,2,16,8,864,0
2,3,2,16,7,868,0
2,3,2,16,8,920,0
2,3,2,16,8,788,0
2,3,2,16,6,791,0
2,3,2,16,6,900,0
2,3,2,16,9,841,0
2,3,3,16,3,384,0
2,3,3,16,3,448,0
2,3,3,16,2,517,0
2,3,3,16,1,608,0
2,3,2,16,16,691,0
2,3,2,16,15,814,0
2,3,2,16,16,962,0
2,3,3,16,2,974,0
2,3,3,16,5,599,0
2,3,3,16,9,616,0
2,3,3,16,9,822,0
2,3,3,16,10,952,0
2,3,3,16,5,752,0
2,3,3,16,11,593,0
2,3,3,16,12,592,0
2,3,3,16,14,590,0
2,3,3,16,13,739,0
0,3,3,16,9,372,0
0,3,3,16,9,444,0
0,3,3,16,8,520,0
0,3,3,16,6,685,0
0,3,3,16,7,852,0
0,3,3,16,8,944,0
0,3,3,16,10,999,0
0,3,3,16,5,900,0
0,3,3,16,3,822,0
0,3,3,16,1,770,0
0,3,2,16,15,723,0
0,3,3,16,3,641,0
0,3,3,16,6,366,0
0,3,3,16,5,461,0
0,3,3,16,1,361,0
0,3,3,16,4,410,0
0,3,2,16,15,415,0
0,3,2,16,14,415,0
0,3,2,16,14,457,0
0,3,2,16,15,456,0
0,3,2,16,15,494,0
0,3,2,16,15,365,0
0,3,2,16,16,429,0
0,3,2,16,13,387,0
0,3,2,16,13,473,0
2,3,3,16,12,324,0
2,3,3,16,11,327,0
2,3,3,16,12,371,0
2,3,3,16,11,373,0
2,3,3,16,12,411,0
2,3,3,16,12,282,0
2,3,3,16,10,318,0
2,3,3,16,10,375,0
2,3,3,16,13,352,0
2,3,4,16,10,413,0
2,3,4,16,10,493,0
2,3,4,16,7,455,0
2,3,4,16,9,551,0
2,3,4,16,9,748,0
2,3,4,16,11,945,0
2,3,4,16,13,987,0
2,3,4,16,15,977,0
2,3,4,16,8,947,0
2,3,4,16,6,949,0
2,3,4,16,1,821,0
2,3,4,16,3,956,0
2,3,4,16,1,907,0
2,3,4,16,5,736,0
2,3,4,16,5,548,0
2,3,4,16,2,468,0
0,3,4,16,3,465,0
0,3,4,16,3,544,0
0,3,3,16,16,495,0
0,3,4,16,2,595,0
0,3,4,16,1,742,0
0,3,4,16,2,909,0
0,3,4,16,5,951,0
0,3,4,16,6,992,0
0,3,4,16,7,1003,0
0,3,4,16,2,960,0
0,3,3,16,14,946,0
0,3,3,16,12,993,0
0,3,3,16,10,873,0
0,3,3,16,13,814,0
0,3,3,16,15,656,0
2,3,4,16,13,552,0
2,3,4,16,15,615,0
2,3,4,16,15,685,0
2,3,4,16,12,675,0
2,3,4,16,9,819,0
2,3,4,16,12,863,0
2,3,4,16,15,821,0
2,3,4,16,16,861,0
2,3,4,16,15,903,0
2,3,4,16,12,322,0
2,3,4,16,10,282,0
2,3,4,16,12,405,0
2,3,4,16,7,410,0
2,3,4,16,4,509,0
2,3,4,16,10,588,0
2,3,4,16,14,499,0
2,3,4,16,15,547,0
2,3,4,16,14,595,0
2,3,4,16,5,330,0
2,3,4,16,4,331,0
2,3,4,16,5,364,0
2,3,4,16,4,363,0
2,3,4,16,5,395,0
2,3,4,16,5,293,0
2,3,4,16,6,353,0
2,3,4,16,3,303,0
2,3,4,16,3,397,0
0,3,3,16,16,321,0
0,3,3,16,15,363,0
2,3,3,16,13,485,0
2,3,3,16,12,491,0
2,3,3,16,11,494,0
2,3,4,16,7,689,0
2,3,4,16,7,732,0
2,3,4,16,7,784,0
2,3,4,16,7,642,0
2,3,4,16,8,712,0
2,3,4,16,5,675,0
2,3,4,16,6,690,0
2,3,4,16,6,724,0
0,3,4,16,4,856,0
0,3,4,16,3,783,0
0,3,4,16,2,706,0
0,4,1,16,4,355,0
0,4,1,16,4,462,0
0,4,1,16,7,553,0
0,4,1,16,10,508,0
0,4,1,16,8,769,0
0,4,1,16,7,827,0
0,4,1,16,6,813,0
0,4,1,16,5,853,0
0,4,1,16,2,957,0
0,4,1,16,1,729,0
0,4,1,16,11,602,0
0,4,1,16,12,494,0
0,4,1,16,13,409,0
0,4,1,16,13,583,0
0,4,1,16,14,539,0
0,4,1,16,16,621,0
0,4,1,16,14,695,0
0,4,1,16,11,725,0
0,4,1,16,12,830,0
0,4,1,16,13,945,0
0,4,1,16,10,995,0
2,4,1,16,3,411,0
2,4,1,16,2,414,0
2,4,1,16,3,456,0
2,4,1,16,2,457,0
2,4,1,16,3,498,0
2,4,1,16,3,373,0
2,4,1,16,4,420,0
2,4,1,16,1,390,0
2,4,1,16,1,481,0
2,3,4,16,15,373,0
2,3,4,16,14,405,0
2,4,1,16,5,635,0
2,4,1,16,4,641,0
2,4,1,16,5,677,0
2,4,1,16,5,713,0
2,4,1,16,5,592,0
2,4,1,16,6,648,0
2,4,1,16,3,619,0
2,4,1,16,3,696,0
2,4,1,16,4,672,0
2,4,1,16,9,377,-10
2,4,1,16,8,407,-10
2,4,1,16,7,443,-10
2,4,1,16,6,498,-10
2,4,1,16,5,544,-10
2,4,1,16,15,322,0
2,4,1,16,14,322,0
2,4,1,16,13,322,0
2,4,1,16,12,317,0
2,4,1,16,11,320,0
2,4,1,16,9,911,0
2,4,1,16,8,911,0
2,4,1,16,9,951,0
2,4,1,16,8,958,0
2,4,1,16,9,996,0
2,4,1,16,9,857,0
2,4,1,16,10,924,0
2,4,1,16,7,890,0
2,4,1,16,7,987,0
2,4,1,16,16,868,0
2,4,1,16,15,863,0
2,4,1,16,16,903,0
2,4,1,16,15,906,0
2,4,1,16,16,936,0
2,4,1,16,16,827,0
2,4,2,16,1,887,0
2,4,1,16,14,849,0
2,4,1,16,14,936,0
2,4,2,16,4,396,0
2,4,2,16,6,591,0
2,4,2,16,4,537,0
2,4,2,16,9,588,0
2,4,2,16,7,829,0
2,4,2,16,6,765,0
2,4,2,16,5,909,0
2,4,2,16,4,970,0
2,4,2,16,3,966,0
2,4,2,16,3,853,0
2,4,2,16,3,775,0
2,4,2,16,9,687,0
2,4,2,16,10,733,0
2,4,2,16,11,531,0
2,4,2,16,12,442,0
2,4,2,16,14,467,0
2,4,2,16,13,556,0
2,4,2,16,14,644,0
2,4,2,16,16,598,0
2,4,3,16,1,482,0
2,4,2,16,13,682,0
2,4,2,16,12,717,0
2,4,2,16,13,793,0
2,4,2,16,14,855,0
2,4,2,16,13,929,0
2,4,2,16,11,963,0
0,4,2,16,10,409,0
0,4,2,16,9,414,0
0,4,2,16,10,455,0
0,4,2,16,9,458,0
0,4,2,16,10,512,0
0,4,2,16,10,373,0
0,4,2,16,11,438,0
0,4,2,16,8,386,0
0,4,2,16,8,487,0
1,4,2,16,6,454,0
0,4,2,16,10,914,0
0,4,2,16,9,917,0
0,4,2,16,10,957,0
0,4,2,16,9,957,0
0,4,2,16,10,994,0
0,4,2,16,10,873,0
0,4,2,16,11,928,0
0,4,2,16,8,897,0
0,4,2,16,8,985,0
0,4,2,16,5,668,0
0,4,2,16,4,656,0
2,4,2,16,2,463,0
2,4,2,16,1,460,0
2,4,2,16,2,503,0
2,4,2,16,1,503,0
2,4,2,16,2,537,0
2,4,2,16,2,427,0
2,4,2,16,3,492,0
2,4,1,16,16,454,0
2,4,1,16,16,519,0
2,4,2,16,2,684,0
2,4,2,16,1,712,0
2,4,1,16,16,738,0
0,4,2,16,10,278,0
0,4,2,16,11,282,-20
0,4,2,16,12,280,-20
0,4,2,16,13,277,0
0,4,2,16,14,280,-20
0,4,2,16,15,280,0
0,4,3,16,8,597,0
0,4,3,16,3,546,0
0,4,3,16,3,595,0
0,4,3,16,3,689,0
0,4,2,16,16,684,0
0,4,2,16,16,850,0
0,4,3,16,4,1004,0
0,4,3,16,6,888,0
0,4,3,16,4,773,0
2,4,3,16,4,325,0
2,4,3,16,5,475,0
2,4,3,16,6,595,0
2,4,3,16,7,710,0
2,4,3,16,5,859,0
2,4,3,16,1,688,0
2,4,3,16,1,561,0
2,4,3,16,3,325,0
2,4,3,16,3,373,0
2,4,3,16,4,370,0
2,4,3,16,4,410,0
2,4,3,16,4,285,0
2,4,3,16,5,350,0
2,4,3,16,2,296,0
2,4,3,16,2,379,0
2,4,3,16,7,365,0
2,4,2,16,15,418,0
2,4,3,16,9,456,0
2,4,3,16,10,512,0
2,4,3,16,12,502,0
2,4,3,16,12,380,0
2,4,3,16,13,373,0
2,4,3,16,12,690,0
2,4,3,16,14,530,0
2,4,4,16,2,611,0
2,4,4,16,3,678,0
0,4,3,16,14,727,0
0,4,3,16,13,732,0
0,4,3,16,13,863,0
0,4,3,16,12,871,0
0,4,3,16,11,843,0
0,4,3,16,13,991,0
0,4,3,16,15,871,0
0,4,4,16,2,936,0
0,4,4,16,3,979,0
0,4,3,16,9,781,0
0,4,3,16,8,777,0
0,4,3,16,9,811,0
0,4,3,16,8,816,0
0,4,3,16,9,843,0
0,4,3,16,10,788,0
0,4,3,16,7,759,0
0,4,3,16,7,839,0
0,4,3,16,9,740,0
2,4,3,16,9,330,0
2,4,3,16,8,400,0
2,4,3,16,7,473,0
2,4,3,16,6,513,0
2,4,4,16,2,413,0
2,4,4,16,2,457,0
2,4,4,16,1,456,0
2,4,4,16,1,415,0
2,4,4,16,2,491,0
2,4,4,16,2,377,0
2,4,4,16,3,432,0
2,4,3,16,16,393,0
2,4,3,16,16,479,0
2,4,4,16,11,377,0
2,4,4,16,11,459,0
2,4,4,16,8,418,0
2,4,4,16,10,512,0
2,4,4,16,10,735,0
2,4,4,16,8,738,0
2,4,4,16,8,818,0
2,4,4,16,10,817,0
2,4,4,16,11,876,0
2,4,4,16,12,906,0
2,4,4,16,14,962,0
2,4,4,16,8,510,0
2,4,4,16,6,510,0
2,4,4,16,4,502,0
2,4,4,16,3,550,0
2,4,4,16,6,623,0
2,4,4,16,6,811,0
2,4,4,16,5,863,0
2,4,4,16,2,822,0
0,4,4,16,4,768,0
0,4,4,16,3,776,0
0,4,4,16,2,743,0
0,4,4,16,1,725,0
0,4,3,16,16,685,0
0,4,3,16,16,588,0
0,4,3,16,14,644,0
0,4,4,16,10,921,0
0,4,4,16,9,918,0
0,4,4,16,10,955,0
0,4,4,16,9,956,0
0,4,4,16,10,874,0
0,4,4,16,10,993,0
0,4,4,16,11,941,0
0,4,4,16,8,892,0
0,4,4,16,8,989,0
1,4,4,16,13,814,0
2,4,4,16,7,323,0
2,4,4,16,6,323,0
2,4,4,16,7,366,0
2,4,4,16,6,365,0
2,4,4,16,7,412,0
2,4,4,16,7,282,0
2,4,4,16,8,344,0
2,4,4,16,5,313,0
2,4,4,16,5,398,0
2,4,4,16,13,597,0
2,4,4,16,12,593,0
2,4,4,16,13,639,0
2,4,4,16,12,637,0
2,4,4,16,13,676,0
2,4,4,16,13,558,0
2,4,4,16,14,619,0
2,4,4,16,11,569,0
2,4,4,16,11,656,0
0,4,4,16,15,377,0
0,5,1,16,4,643,0
0,5,1,16,3,685,0
0,5,1,16,6,731,0
0,5,1,16,5,767,0
0,5,1,16,4,813,0
0,5,1,16,2,849,0
0,4,4,16,16,868,0
2,5,1,16,6,914,0
2,5,1,16,5,911,0
2,5,1,16,6,952,0
2,5,1,16,5,950,0
2,5,1,16,6,879,0
2,5,1,16,6,983,0
2,5,1,16,7,932,0
2,5,1,16,4,896,0
2,5,1,16,4,977,0
2,5,1,16,4,377,0
2,5,1,16,7,407,0
2,5,1,16,10,444,0
2,5,1,16,7,470,0
2,5,1,16,10,338,0
2,5,1,16,13,339,0
2,5,1,16,16,396,0
2,5,1,16,12,547,0
2,5,1,16,14,547,0
2,5,1,16,16,535,0
2,5,1,16,10,565,0
2,5,1,16,6,551,0
2,5,1,16,4,536,0
2,5,1,16,7,679,0
2,5,1,16,6,642,0
0,5,1,16,15,891,0
0,5,2,16,1,935,0
0,5,2,16,3,972,0
2,5,1,16,14,646,0
2,5,1,16,12,642,0
1,5,1,16,13,738,0
2,5,1,16,9,821,0
2,5,1,16,8,772,0
2,5,1,16,7,756,0
0,5,1,16,13,946,0
0,5,1,16,12,955,0
0,5,1,16,13,997,0
0,5,1,16,12,997,0
0,5,1,16,11,988,0
0,5,1,16,14,983,0
0,5,1,16,10,998,0
0,5,1,16,9,995,0
0,5,1,16,15,995,0
0,5,1,16,16,994,0
0,5,1,16,5,276,0
0,5,1,16,4,275,-30
0,5,1,16,3,274,0
0,5,1,16,2,274,-30
0,5,1,16,1,275,0
0,4,3,16,14,282,-10
0,4,3,16,13,275,-10
0,4,3,16,11,282,-10
0,4,3,16,12,284,-10
0,4,3,16,15,280,0
0,4,3,16,10,280,0
0,4,4,16,13,282,0
0,4,4,16,10,279,-20
2,5,2,16,10,546,0
2,5,2,16,9,500,0
2,5,2,16,8,464,0
2,5,2,16,6,417,0
2,5,2,16,3,437,0
2,5,2,16,7,598,0
2,5,2,16,9,668,0
2,5,2,16,9,805,0
2,5,2,16,7,864,0
2,5,2,16,5,676,0
2,5,2,16,5,726,0
2,5,2,16,5,794,0
2,5,2,16,2,627,0
2,5,2,16,2,815,0
2,5,2,16,10,912,0
2,5,2,16,12,911,0
2,5,2,16,13,838,0
0,5,2,16,8,730,0
0,5,2,16,7,682,0
0,5,2,16,2,664,0
0,5,2,16,4,750,0
0,5,2,16,4,795,0
0,5,2,16,4,843,0
0,5,2,16,6,861,0
0,5,2,16,4,910,0
0,5,2,16,1,874,0
0,5,2,16,7,952,0
0,5,2,16,9,982,0
0,5,2,16,11,996,0
0,5,2,16,6,620,0
0,5,2,16,4,329,0
0,5,2,16,3,326,0
0,5,2,16,4,363,0
0,5,2,16,3,364,0
0,5,2,16,4,404,0
0,5,2,16,4,287,0
0,5,2,16,5,347,0
0,5,2,16,2,304,0
0,5,2,16,2,397,0
2,5,2,16,6,500,0
2,5,2,16,5,491,0
2,5,2,16,4,502,0
2,5,2,16,11,327,0
2,5,2,16,10,331,0
2,5,2,16,11,364,0
2,5,2,16,10,368,0
2,5,2,16,11,408,0
2,5,2,16,11,289,0
2,5,2,16,12,353,0
2,5,2,16,9,304,0
2,5,2,16,9,395,0
2,5,1,16,8,360,0
2,5,1,16,7,336,0
2,5,1,16,8,573,0
2,5,1,16,7,600,0
2,5,1,16,10,694,0
2,5,1,16,10,757,0
2,5,1,16,11,912,0
2,5,1,16,10,923,0
2,5,1,16,9,938,0
2,5,1,16,8,694,0
2,5,1,16,14,454,0
2,5,1,16,12,478,0
2,5,1,16,12,813,0
2,5,1,16,10,841,0
2,5,1,16,16,737,0
2,5,1,16,15,770,0
2,5,1,16,14,819,0
0,5,1,16,16,676,0
2,5,3,16,2,483,0
2,5,3,16,2,573,0
2,5,2,16,15,526,0
2,5,3,16,1,639,0
2,5,2,16,16,737,0
2,5,2,16,16,809,0
2,5,2,16,16,921,0
2,5,3,16,2,996,0
2,5,2,16,12,553,0
2,5,2,16,13,612,0
2,5,2,16,14,646,0
2,5,2,16,13,725,0
2,5,2,16,14,887,0
2,5,2,16,13,957,0
2,5,2,16,10,769,0
0,5,2,16,11,698,0
0,5,2,16,12,685,0
0,5,2,16,12,644,0
0,5,2,16,11,647,0
0,5,3,16,2,325,0
0,5,3,16,1,325,0
0,5,3,16,2,356,0
0,5,3,16,1,371,0
0,5,3,16,2,407,0
0,5,3,16,2,283,0
0,5,3,16,3,350,0
0,5,2,16,16,305,0
0,5,2,16,16,398,0
2,5,2,16,14,408,0
2,5,2,16,13,436,0
2,5,2,16,12,486,0
1,5,3,16,1,821,0
2,5,3,16,6,515,0
2,5,3,16,9,588,0
2,5,3,16,7,609,0
2,5,3,16,6,649,0
2,5,3,16,6,730,0
2,5,3,16,6,799,0
2,5,3,16,7,920,0
2,5,3,16,4,1001,0
2,5,3,16,4,938,0
2,5,3,16,4,642,0
2,5,3,16,3,537,0
2,5,3,16,1,512,0
2,5,2,16,15,465,0
2,5,3,16,2,713,0
2,5,3,16,2,863,0
0,5,3,16,11,373,0
0,5,3,16,7,319,0
0,5,3,16,9,431,0
0,5,3,16,8,509,0
0,5,3,16,8,567,0
0,5,3,16,8,667,0
0,5,3,16,6,449,0
0,5,3,16,5,416,0
0,5,3,16,4,417,0
0,5,3,16,5,552,0
0,5,3,16,5,596,0
0,5,3,16,5,653,0
0,5,3,16,5,730,0
0,5,3,16,3,682,0
2,5,3,16,4,818,0
2,5,3,16,3,820,0
2,5,3,16,11,871,0
2,5,3,16,10,871,0
2,5,3,16,11,904,0
2,5,3,16,10,914,0
2,5,3,16,11,938,0
2,5,3,16,11,826,0
2,5,3,16,12,893,0
2,5,3,16,9,849,0
2,5,3,16,9,934,0
0,5,3,16,6,955,0
0,5,3,16,7,994,0
0,5,3,16,8,1006,0
0,5,3,16,10,1002,0
2,5,3,16,9,774,0
2,5,3,16,13,683,0
2,5,3,16,12,685,0
2,5,3,16,13,718,0
2,5,3,16,12,725,0
2,5,3,16,13,755,0
2,5,3,16,13,645,0
2,5,3,16,14,701,0
2,5,3,16,11,670,0
2,5,3,16,11,741,0
0,5,3,16,15,701,0
0,5,3,16,16,883,0
0,5,4,16,1,921,0
0,5,4,16,2,955,0
0,5,3,16,12,820,0
2,5,3,16,15,785,0
2,5,3,16,15,826,0
2,5,3,16,14,825,0
2,5,3,16,14,416,0
2,5,4,16,1,484,0
2,5,3,16,15,501,0
2,5,3,16,14,606,0
2,5,3,16,14,554,0
2,5,4,16,3,362,0
2,5,4,16,2,367,0
2,5,4,16,1,369,0
2,5,3,16,16,366,0
2,5,3,16,15,369,0
2,5,3,16,16,324,0
2,5,3,16,15,324,0
2,5,3,16,14,327,0
2,5,3,16,13,329,0
2,5,3,16,12,329,0
0,5,4,16,4,501,0
0,5,4,16,6,555,0
0,5,4,16,5,599,0
0,5,4,16,3,663,0
0,5,4,16,3,754,0
0,5,4,16,4,863,0
0,5,4,16,7,960,0
0,5,4,16,1,625,0
0,5,3,16,16,632,0
0,5,4,16,1,766,0
0,5,4,16,1,833,0
0,5,4,16,2,884,0
0,5,4,16,4,948,0
2,5,4,16,7,364,0
2,5,4,16,10,438,0
2,5,4,16,8,503,0
2,5,4,16,7,594,0
2,5,4,16,7,653,0
2,5,4,16,8,774,0
2,5,4,16,10,895,0
2,5,4,16,11,926,0
2,5,4,16,12,969,0
2,5,4,16,7,905,0
2,5,4,16,5,837,0
2,5,4,16,4,730,0
2,5,4,16,4,602,0
2,5,4,16,3,554,0
2,5,4,16,1,585,0
2,5,4,16,8,364,0
2,5,4,16,8,409,0
2,5,4,16,7,409,0
2,5,4,16,8,444,0
2,5,4,16,8,323,0
2,5,4,16,9,390,0
2,5,4,16,6,335,0
2,5,4,16,6,414,0
0,5,4,16,13,366,0
0,5,4,16,15,461,0
0,5,4,16,14,502,0
0,5,4,16,13,500,0
0,5,4,16,13,591,0
0,5,4,16,12,720,0
0,5,4,16,13,835,0
0,5,4,16,14,922,0
0,5,4,16,10,503,0
0,5,4,16,9,624,0
0,5,4,16,9,725,0
0,5,4,16,7,722,0
0,5,4,16,6,733,0
0,5,4,16,7,482,0
0,5,4,16,6,495,0
2,5,4,16,15,1001,0
2,5,4,16,16,1001,0
2,6,1,16,1,1005,0
2,6,1,16,2,1000,0
2,6,1,16,3,996,0
1,6,1,16,5,819,0
2,6,1,16,4,800,0
2,6,1,16,4,840,0
2,6,1,16,3,798,0
2,6,1,16,3,838,0
2,6,1,16,4,882,0
2,6,1,16,4,763,0
2,6,1,16,2,774,0
2,6,1,16,2,866,0
0,6,1,16,2,472,0
0,6,1,16,5,495,0
0,6,1,16,8,539,0
0,6,1,16,6,568,0
0,6,1,16,1,637,0
0,6,1,16,5,677,0
0,6,1,16,1,730,0
0,6,1,16,8,775,0
0,6,1,16,9,681,0
0,6,1,16,11,683,0
0,6,1,16,12,685,0
0,6,1,16,9,502,0
0,6,1,16,11,464,0
0,6,1,16,12,465,0
2,6,1,16,8,334,0
2,6,1,16,7,326,0
2,6,1,16,8,364,0
2,6,1,16,7,366,0
2,6,1,16,8,408,0
2,6,1,16,8,295,0
2,6,1,16,9,354,0
2,6,1,16,6,306,0
2,6,1,16,6,392,0
0,6,1,16,3,312,0
0,6,1,16,2,328,0
0,6,1,16,1,372,0
2,5,4,16,16,282,0
2,5,4,16,15,279,0
2,5,4,16,14,279,0
2,5,4,16,13,276,0
2,5,4,16,12,280,0
2,5,4,16,11,282,0
2,6,1,16,11,996,0
2,6,1,16,10,964,0
2,6,1,16,9,918,0
2,6,1,16,8,904,0
2,6,1,16,7,845,0
2,6,1,16,8,960,0
2,6,1,16,6,914,0
2,6,1,16,6,985,0
2,4,1,16,6,346,0
2,4,1,16,5,386,0
2,4,1,16,5,417,0
2,4,1,16,7,325,0
2,4,1,16,8,303,0
2,4,3,16,3,905,0
2,4,3,16,2,917,0
2,4,3,16,3,945,0
2,4,3,16,2,959,0
2,4,3,16,3,994,0
2,4,3,16,3,869,0
2,4,3,16,4,924,0
2,4,3,16,1,894,0
2,4,3,16,1,980,0
2,4,4,16,14,729,0
2,4,4,16,14,579,0
2,4,4,16,15,545,0
2,4,4,16,16,458,0
2,5,1,16,1,494,0
2,5,1,16,1,420,0
0,4,4,16,16,648,0
0,4,4,16,16,721,0
2,5,2,16,3,552,0
2,5,2,16,5,592,0
2,5,3,16,12,516,0
2,5,3,16,11,528,0
2,5,3,16,10,556,0
2,5,3,16,9,701,0
2,6,1,16,15,284,-25
2,6,1,16,15,333,-25
2,6,1,16,15,375,-25
2,6,1,16,15,407,-20
2,6,1,16,15,453,-20
2,6,1,16,15,493,-20
2,6,1,16,15,543,-10
2,6,1,16,15,576,-10
2,6,1,16,15,612,-10
2,6,1,16,15,647,0
2,6,1,16,15,689,15
2,6,1,16,15,745,15
2,6,1,16,15,800,15
2,6,1,16,15,841,25
2,6,1,16,15,887,25
2,6,1,16,15,954,30
2,6,1,16,15,995,30
2,6,1,16,15,921,25
2,6,1,16,13,347,0
2,6,1,16,12,331,0
2,6,1,16,11,337,0
2,6,2,16,11,449,0
2,6,2,16,9,414,0
2,6,2,16,8,426,0
2,6,2,16,7,461,0
2,6,2,16,8,511,0
2,6,2,16,9,511,0
2,6,3,16,2,462,0
2,6,2,16,15,375,0
2,6,2,16,15,533,0
2,6,3,16,1,585,0
2,6,3,16,3,597,0
2,6,3,16,1,332,0
2,6,3,16,3,345,0
2,6,3,16,4,370,0
2,6,3,16,5,392,0
2,6,3,16,6,419,0
2,6,3,16,7,452,0
2,6,3,16,6,507,0
2,6,3,16,5,536,0
2,6,3,16,4,574,0
0,6,2,16,7,794,0
0,6,2,16,6,781,0
0,6,2,16,5,780,0
0,6,2,16,3,821,0
0,6,2,16,4,901,0
0,6,2,16,6,879,0
0,6,2,16,4,794,0
0,6,2,16,5,912,0
2,6,2,16,3,373,0
2,6,2,16,4,414,0
2,6,2,16,5,460,0
2,6,2,16,5,494,0
2,6,2,16,5,530,0
2,6,2,16,4,603,0
2,6,2,16,2,417,0
2,6,2,16,2,458,0
2,6,2,16,2,496,0
2,6,2,16,2,539,0
2,6,2,16,3,590,0
2,6,2,16,5,637,0
2,6,2,16,4,663,0
2,6,2,16,3,656,0
2,6,2,16,2,636,0
2,6,2,16,16,420,0
2,6,3,16,1,448,0
2,6,3,16,1,486,0
2,6,2,16,16,509,0
2,6,3,16,2,593,0
2,6,3,16,2,335,0
2,6,3,16,8,412,0
2,6,3,16,9,372,0
2,6,3,16,10,346,0
2,6,3,16,10,386,0
2,6,3,16,10,437,0
2,6,3,16,10,488,0
2,6,3,16,10,546,0
2,6,3,16,10,580,0
2,6,3,16,9,536,0
2,6,3,16,8,500,0
2,6,3,16,9,460,0
2,6,2,16,16,342,0
0,6,3,16,1,377,0
0,6,3,16,3,508,0
0,6,3,16,2,542,0
0,6,3,16,4,469,0
0,6,3,16,7,542,0
0,6,3,16,6,579,0
0,6,3,16,5,616,0
0,6,3,16,8,330,0
0,6,3,16,9,322,0
0,6,3,16,7,382,0
2,6,2,16,16,461,0
2,6,2,16,15,455,0
2,6,2,16,14,454,0
2,6,2,16,13,460,0
0,6,2,16,8,815,0
0,6,2,16,9,823,0
0,6,2,16,10,823,0
0,6,2,16,11,824,0
0,6,2,16,12,822,0
0,6,2,16,14,818,0
0,6,2,16,13,778,0
0,6,2,16,11,729,0
0,6,2,16,13,868,0
0,6,2,16,12,898,0
0,6,2,16,11,948,0
0,6,2,16,13,684,0
0,6,2,16,14,692,0
0,6,2,16,15,709,0
0,6,2,16,16,717,0
0,6,3,16,1,735,0
0,6,3,16,2,769,0
0,6,3,16,3,800,0
0,6,3,16,4,829,0
0,6,3,16,3,876,0
0,6,3,16,2,900,0
0,6,3,16,1,928,0
0,6,2,16,16,947,0
0,6,2,16,15,955,0
0,6,2,16,14,964,0
0,6,2,16,13,967,0
0,6,2,16,12,967,0
0,6,2,16,12,742,0
0,6,2,16,12,698,0
2,6,2,16,14,749,0
2,6,3,16,5,775,0
2,6,3,16,6,740,0
2,6,3,16,7,724,0
2,6,3,16,7,779,0
2,6,3,16,7,854,0
2,6,3,16,7,906,0
2,6,3,16,7,947,0
2,6,3,16,6,923,0
2,6,3,16,5,893,0
2,6,3,16,15,767,0
2,6,3,16,14,763,0
2,6,3,16,13,772,0
2,6,3,16,12,804,0
2,6,3,16,12,859,0
2,6,3,16,13,882,0
2,6,3,16,14,846,0
0,6,3,16,16,780,0
0,6,4,16,1,804,0
0,6,4,16,3,770,0
0,6,4,16,5,808,0
0,6,4,16,6,826,0
0,6,4,16,5,847,0
0,6,4,16,3,891,0
0,6,4,16,4,723,0
0,6,4,16,5,724,0
0,6,4,16,6,721,0
0,6,4,16,7,723,0
0,6,4,16,8,738,0
0,6,4,16,9,757,0
0,6,4,16,10,787,0
0,6,4,16,11,810,0
0,6,4,16,10,857,0
0,6,4,16,9,886,0
0,6,4,16,8,906,0
0,6,4,16,6,924,0
0,6,4,16,7,918,0
0,6,4,16,5,939,0
0,6,4,16,4,932,0
0,6,4,16,2,823,0
0,6,4,16,4,798,0
0,6,4,16,4,860,0
0,6,4,16,11,768,0
0,6,4,16,12,722,0
0,6,4,16,13,692,0
0,6,4,16,14,706,0
0,6,4,16,14,780,0
0,6,4,16,14,845,0
0,6,4,16,14,889,0
0,6,4,16,14,931,0
0,6,4,16,13,932,0
0,6,4,16,12,867,0
2,6,4,16,5,756,0
0,6,3,16,13,375,0
0,6,3,16,12,416,0
0,6,3,16,11,463,0
0,6,3,16,12,521,0
0,6,3,16,13,517,0
0,6,3,16,14,459,0
2,6,3,16,16,375,0
2,6,4,16,1,410,0
2,6,4,16,2,442,0
2,6,4,16,2,472,0
2,6,4,16,1,498,0
2,6,3,16,16,527,0
2,6,3,16,16,574,0
2,6,4,16,1,599,0
2,6,4,16,2,595,0
2,6,4,16,3,599,0
2,6,4,16,4,597,0
2,6,4,16,5,582,0
2,6,4,16,6,555,0
2,6,4,16,7,522,0
2,6,4,16,8,488,0
2,6,4,16,9,464,0
2,6,4,16,8,433,0
2,6,4,16,7,405,0
2,6,4,16,6,368,0
2,6,4,16,5,350,0
2,6,4,16,4,335,0
2,6,4,16,3,330,0
2,6,4,16,2,337,0
2,6,4,16,1,342,0
2,6,4,16,10,418,0
2,6,4,16,11,373,0
2,6,4,16,12,365,0
2,6,4,16,12,417,0
2,6,4,16,12,475,0
2,6,4,16,12,522,0
2,6,4,16,12,562,0
2,6,4,16,11,563,0
2,6,4,16,10,505,0
1,6,4,16,3,458,0
0,6,4,16,2,378,0
0,6,4,16,5,498,0
0,6,4,16,4,532,0
0,6,4,16,10,360,0
0,6,4,16,9,384,0
2,6,4,16,9,553,0
2,6,4,16,8,583,0
2,6,4,16,10,597,0
2,6,4,16,9,633,0
2,6,4,16,8,656,0
2,6,4,16,16,403,0
2,6,4,16,15,436,0
2,6,4,16,14,492,0
2,6,4,16,14,546,0
2,6,4,16,15,608,0
2,6,4,16,16,644,0
2,7,1,16,2,655,0
2,7,1,16,3,584,0
2,7,1,16,3,515,0
2,7,1,16,2,503,0
2,6,4,16,16,516,0
2,6,4,16,16,555,0
2,7,1,16,1,576,0
2,7,1,16,6,390,0
2,7,1,16,7,410,0
2,7,1,16,8,441,0
2,7,1,16,9,463,0
2,7,1,16,10,494,0
2,7,1,16,9,520,0
2,7,1,16,8,548,0
2,7,1,16,7,581,0
2,7,1,16,6,602,0
2,7,1,16,7,345,0
2,7,1,16,8,333,0
2,7,1,16,9,333,0
2,7,1,16,10,337,0
2,7,1,16,11,344,0
2,7,1,16,12,347,0
2,7,1,16,13,370,0
2,7,1,16,14,402,0
2,7,1,16,15,437,0
2,7,1,16,16,467,0
2,7,2,16,1,491,0
2,7,1,16,16,529,0
2,7,1,16,15,555,0
2,7,1,16,14,571,0
2,7,1,16,13,586,0
2,7,1,16,12,602,0
2,7,1,16,11,616,0
2,7,1,16,10,616,0
2,7,1,16,9,617,0
2,7,1,16,8,621,0
2,7,1,16,7,614,0
2,7,1,16,9,386,0
0,7,1,16,6,440,0
0,7,1,16,7,473,0
0,7,1,16,8,498,0
0,7,1,16,6,557,0
0,7,1,16,7,528,0
0,7,1,16,6,336,0
0,7,1,16,7,302,0
0,7,1,16,8,286,0
0,7,1,16,9,276,0
0,7,1,16,10,291,0
0,7,1,16,11,293,0
0,7,1,16,12,309,0
0,7,1,16,13,322,0
0,7,1,16,14,343,0
0,7,1,16,15,378,0
0,7,1,16,16,411,0
2,7,2,16,1,443,0
2,7,2,16,2,413,0
2,7,2,16,3,379,0
2,7,2,16,4,367,0
2,7,2,16,4,417,0
2,7,2,16,4,479,0
2,7,2,16,4,536,0
2,7,2,16,4,588,0
2,7,2,16,3,579,0
2,7,2,16,2,541,0
2,7,2,16,1,524,0
2,7,2,16,3,465,0
2,7,2,16,2,501,0
1,7,1,16,11,465,0
2,7,1,16,6,821,0
2,7,1,16,5,782,0
2,7,1,16,4,774,0
2,7,1,16,3,760,0
2,7,1,16,2,767,0
2,7,1,16,1,808,0
2,6,4,16,16,868,0
2,6,4,16,16,920,0
2,7,1,16,1,950,0
2,7,1,16,2,964,0
2,7,1,16,3,950,0
2,7,1,16,4,916,0
2,7,1,16,3,864,0
2,7,1,16,7,775,0
2,7,1,16,8,811,0
2,7,1,16,9,833,0
2,7,1,16,10,857,0
2,7,1,16,9,880,0
2,7,1,16,8,899,0
2,7,1,16,7,912,0
2,7,1,16,8,951,0
2,7,1,16,9,983,0
2,7,1,16,10,992,0
2,7,1,16,11,999,0
2,7,1,16,12,994,0
2,7,1,16,13,990,0
2,7,1,16,14,981,0
2,7,1,16,15,964,0
2,7,1,16,16,956,0
2,7,2,16,1,929,0
2,7,2,16,2,890,0
2,7,2,16,3,853,0
2,7,2,16,2,828,0
2,7,2,16,1,791,0
2,7,1,16,16,774,0
2,7,1,16,15,755,0
2,7,1,16,14,738,0
2,7,1,16,13,729,0
2,7,1,16,12,725,0
2,7,1,16,11,725,0
2,7,1,16,10,736,0
2,7,1,16,9,742,0
2,7,1,16,8,749,0
2,7,1,16,10,933,0
2,7,1,16,11,939,0
2,7,1,16,12,945,0
2,7,1,16,13,940,0
2,7,1,16,14,921,0
2,7,1,16,12,880,0
2,7,1,16,13,874,0
2,7,1,16,14,867,0
2,7,1,16,15,867,0
0,7,1,16,10,791,0
0,7,1,16,7,741,0
0,7,1,16,8,707,0
0,7,2,16,5,358,0
0,7,2,16,5,403,0
0,7,2,16,5,456,0
0,7,2,16,5,502,0
0,7,2,16,5,551,0
0,7,2,16,5,586,0
0,7,2,16,5,632,0
2,7,2,16,2,783,0
2,7,2,16,3,753,0
2,7,2,16,4,742,0
2,7,2,16,5,744,0
2,7,2,16,5,806,0
2,7,2,16,5,863,0
2,7,2,16,5,901,0
2,7,2,16,5,935,0
2,7,2,16,5,969,0
2,7,2,16,4,960,0
2,7,2,16,3,944,0
0,7,2,16,2,599,0
0,7,2,16,2,653,0
0,7,2,16,2,721,0
0,7,2,16,2,686,0
0,7,2,16,1,584,0
0,7,2,16,1,618,0
0,7,2,16,1,661,0
0,7,2,16,1,708,0
0,7,2,16,1,742,0
0,7,2,16,12,767,15
0,7,2,16,11,772,15
0,7,2,16,10,778,15
0,7,2,16,9,813,15
0,7,2,16,9,858,15
0,7,2,16,9,900,15
0,7,2,16,10,917,15
0,7,2,16,11,946,15
0,7,2,16,12,921,15
0,7,2,16,12,852,15
0,7,2,16,11,847,15
0,7,2,16,13,742,15
0,7,2,16,14,722,15
2,7,3,16,1,694,15
2,7,3,16,2,721,15
2,7,3,16,3,742,15
2,7,3,16,2,764,15
2,7,3,16,1,776,15
2,7,2,16,16,796,15
2,7,3,16,1,843,15
2,7,3,16,2,856,15
2,7,3,16,3,864,15
2,7,3,16,4,867,15
2,7,3,16,5,860,15
2,7,3,16,6,841,15
2,7,3,16,7,810,15
2,7,3,16,8,755,15
2,7,3,16,7,697,15
2,7,3,16,6,664,15
2,7,3,16,5,654,15
2,7,3,16,4,657,15
2,7,3,16,3,665,15
2,7,3,16,2,669,15
2,7,2,16,16,691,15
0,7,3,16,3,703,15
2,7,3,16,9,738,15
2,7,3,16,9,702,15
2,7,3,16,10,685,15
2,7,3,16,10,865,15
2,7,3,16,9,816,15
2,7,2,16,14,402,0
2,7,2,16,13,388,0
2,7,2,16,12,378,0
2,7,2,16,11,375,0
2,7,2,16,10,367,0
2,7,2,16,9,378,0
2,7,2,16,8,410,0
2,7,2,16,8,458,0
2,7,2,16,9,509,0
2,7,2,16,10,531,0
2,7,2,16,11,518,0
2,7,2,16,12,464,0
2,7,3,16,1,365,0
2,7,3,16,2,345,0
2,7,3,16,3,331,0
2,7,3,16,4,324,0
2,7,3,16,5,325,0
2,7,3,16,6,320,0
2,7,3,16,7,339,0
2,7,3,16,8,367,0
2,7,3,16,9,410,0
2,7,3,16,10,444,0
2,7,3,16,9,492,0
2,7,3,16,8,518,0
2,7,3,16,7,528,0
2,7,3,16,6,531,0
2,7,3,16,5,543,0
2,7,3,16,4,544,0
2,7,3,16,3,542,0
2,7,3,16,2,525,0
2,7,3,16,1,502,0
2,7,3,16,3,442,0
2,7,3,16,2,386,0
2,7,3,16,3,401,0
2,7,3,16,2,465,0
0,7,3,16,4,368,0
0,7,3,16,11,404,0
0,7,3,16,12,372,0
0,7,3,16,13,365,0
0,7,3,16,13,457,0
0,7,3,16,13,527,0
0,7,3,16,13,593,0
0,7,3,16,12,559,0
0,7,3,16,11,523,0
0,7,3,16,8,863,0
0,7,3,16,7,876,0
0,7,3,16,6,894,0
0,7,3,16,5,911,0
0,7,3,16,4,917,0
0,7,3,16,3,918,0
0,7,3,16,2,918,0
2,7,2,16,10,644,0
2,7,2,16,9,641,0
2,7,2,16,10,692,0
2,7,2,16,9,689,0
2,7,2,16,10,730,0
2,7,2,16,10,591,0
2,7,2,16,11,662,0
2,7,2,16,8,622,0
2,7,2,16,8,712,0
2,7,3,16,11,674,15
2,7,3,16,11,720,15
2,7,3,16,11,768,15
2,7,3,16,11,805,15
2,7,3,16,11,864,15
2,7,2,16,13,589,0
2,7,2,16,14,548,0
2,7,2,16,7,334,0
2,7,2,16,8,298,0
2,7,1,16,3,331,0
2,7,1,16,2,331,0
2,7,1,16,3,369,0
2,7,1,16,2,364,0
2,7,1,16,3,413,0
2,7,1,16,3,290,0
2,7,1,16,4,361,0
2,7,1,16,1,319,0
2,7,1,16,1,380,0
2,6,3,16,10,737,0
2,6,3,16,9,826,0
2,6,3,16,8,917,0
2,6,3,16,9,937,0
2,6,3,16,11,985,0
2,6,2,16,9,635,0
2,6,2,16,8,655,0
2,6,2,16,7,675,0
2,6,2,16,6,698,0
2,6,2,16,1,763,0
2,6,2,16,1,837,0
2,6,2,16,1,891,0
2,6,2,16,2,939,0
2,6,2,16,3,972,0
0,7,3,16,16,697,-20
0,7,3,16,16,747,-20
0,7,3,16,16,787,-20
0,7,3,16,16,831,-20
0,7,3,16,16,875,-20
0,7,3,16,16,914,-20
0,7,3,16,16,957,-20
2,7,4,16,6,712,10
2,7,4,16,5,730,10
2,7,4,16,4,741,10
2,7,4,16,3,779,10
2,7,4,16,4,806,10
2,7,4,16,5,819,10
2,7,4,16,6,829,10
2,7,4,16,5,862,10
2,7,4,16,4,884,10
2,7,4,16,3,910,10
2,7,4,16,4,938,10
2,7,4,16,5,949,10
2,7,4,16,6,981,10
2,7,4,16,1,414,0
2,7,4,16,2,436,0
2,7,4,16,3,457,0
2,7,4,16,4,477,0
2,7,4,16,5,505,0
2,7,4,16,4,535,0
2,7,4,16,3,549,0
2,7,4,16,2,560,0
2,7,4,16,1,591,0
2,7,4,16,2,622,0
2,7,4,16,3,629,0
2,7,4,16,4,623,0
2,7,4,16,5,617,0
2,7,4,16,6,609,0
2,7,4,16,7,593,0
2,7,4,16,8,582,0
2,7,4,16,9,560,0
2,7,4,16,10,546,0
2,7,4,16,11,511,0
2,7,4,16,10,470,0
2,7,4,16,9,426,0
2,7,4,16,8,405,0
2,7,4,16,7,389,0
2,7,4,16,6,374,0
2,7,4,16,5,375,0
2,7,4,16,4,381,0
2,7,4,16,3,382,0
2,7,4,16,2,378,0
0,7,4,16,4,430,0
0,7,4,16,7,517,0
0,7,4,16,6,558,0
2,7,4,16,11,469,0
2,7,4,16,12,432,0
2,7,4,16,13,530,0
2,7,4,16,13,597,0
2,7,4,16,13,650,0
2,7,4,16,12,630,0
2,7,4,16,11,575,0
2,7,4,16,13,385,0
2,7,4,16,13,453,0
0,7,4,16,13,328,0
0,7,4,16,12,377,0
0,7,4,16,11,438,0
0,7,4,16,10,371,0
0,7,4,16,9,363,0
0,7,4,16,8,335,0
0,7,4,16,7,320,0
0,7,4,16,6,324,0
0,7,4,16,15,882,0
0,7,4,16,14,904,0
0,7,4,16,13,925,0
0,7,4,16,12,938,0
0,7,4,16,11,938,0
0,7,4,16,10,922,0
0,7,4,16,9,872,0
0,8,1,16,1,821,0
0,8,1,16,3,853,0
0,8,1,16,5,896,0
0,8,1,16,4,928,0
0,8,1,16,3,937,0
0,8,1,16,2,941,0
0,8,1,16,1,946,0
0,8,1,16,2,843,0
0,8,1,16,4,871,0
0,8,1,16,2,987,0
0,8,1,16,4,991,0
0,8,1,16,5,1002,0
0,8,1,16,6,998,0
0,8,1,16,7,1004,0
0,8,1,16,8,994,0
0,8,1,16,9,956,0
0,8,1,16,10,921,0
0,8,1,16,11,892,0
0,8,1,16,10,856,0
0,8,1,16,9,809,0
0,8,1,16,8,777,0
0,8,1,16,7,760,0
0,8,1,16,6,749,0
0,8,1,16,5,754,0
0,8,1,16,4,763,0
0,8,1,16,3,773,0
0,8,1,16,2,784,0
2,8,1,16,4,812,0
1,8,1,16,7,883,10
2,8,1,16,11,831,0
2,8,1,16,12,799,0
2,8,1,16,13,773,0
2,8,1,16,13,832,0
2,8,1,16,13,944,0
2,8,1,16,13,899,0
2,8,1,16,13,978,0
2,8,1,16,12,943,0
2,8,1,16,3,461,0
2,8,1,16,2,452,0
2,8,1,16,1,448,0
2,7,4,16,16,466,0
2,7,4,16,15,483,0
2,7,4,16,15,514,0
2,7,4,16,15,562,0
2,7,4,16,16,597,0
2,8,1,16,1,570,0
2,8,1,16,1,518,0
2,8,1,16,5,424,0
2,8,1,16,6,439,0
2,8,1,16,7,460,0
2,8,1,16,8,473,0
2,8,1,16,9,498,0
2,8,1,16,8,540,0
2,8,1,16,7,559,0
2,8,1,16,6,566,0
2,8,1,16,5,569,0
2,8,1,16,6,620,0
2,8,1,16,7,632,0
2,8,1,16,8,638,0
2,8,1,16,9,638,0
2,8,1,16,10,648,0
2,8,1,16,11,660,0
2,8,1,16,12,656,0
2,8,1,16,13,653,0
2,8,1,16,14,607,0
2,8,1,16,15,542,0
2,8,1,16,15,434,0
2,8,1,16,14,404,0
2,8,1,16,13,369,0
2,8,1,16,12,348,0
2,8,1,16,11,341,0
2,8,1,16,10,336,0
2,8,1,16,9,339,0
2,8,1,16,8,345,0
2,8,1,16,7,372,0
2,8,1,16,6,396,0
0,8,1,16,8,409,0
0,8,1,16,12,525,0
0,8,1,16,11,551,0
0,8,1,16,12,599,0
0,8,1,16,11,623,0
0,8,2,16,3,396,0
0,8,2,16,3,463,0
0,8,2,16,3,527,0
0,8,2,16,3,570,0
0,8,2,16,3,637,0
0,8,2,16,2,594,0
0,8,2,16,1,569,0
0,8,1,16,16,517,0
0,8,1,16,16,478,0
0,8,2,16,2,411,0
0,8,2,16,1,429,0
2,8,2,16,6,293,10
2,8,2,16,6,352,10
2,8,2,16,6,419,20
2,8,2,16,6,454,20
2,8,2,16,6,510,20
2,8,2,16,6,541,25
2,8,2,16,6,589,25
2,8,2,16,6,644,0
2,8,2,16,6,703,-10
2,8,2,16,6,754,-10
2,8,2,16,6,792,-10
2,8,2,16,6,836,-15
2,8,2,16,6,911,-15
2,8,2,16,6,955,-20
2,8,2,16,6,999,-20
2,8,2,16,6,868,-15
2,8,2,16,3,819,0
2,8,2,16,2,796,0
2,8,2,16,1,785,0
2,8,1,16,16,806,0
2,8,1,16,15,835,0
2,8,1,16,15,895,0
2,8,1,16,15,937,0
2,8,1,16,16,947,0
2,8,2,16,1,958,0
2,8,2,16,2,925,0
2,8,2,16,2,881,0
2,8,2,16,1,873,0
2,7,4,16,10,723,0
2,7,4,16,9,720,0
2,7,4,16,10,769,0
2,7,4,16,9,769,0
2,7,4,16,10,821,0
2,7,4,16,10,673,0
2,7,4,16,11,735,0
2,7,4,16,8,714,0
2,7,4,16,8,790,0
2,7,4,16,15,726,0
2,7,4,16,15,765,0
2,7,4,16,14,770,0
2,7,4,16,14,731,0
2,7,4,16,15,805,0
2,7,4,16,15,692,0
2,7,4,16,16,762,0
2,7,4,16,13,711,0
2,7,4,16,13,802,0
2,8,1,16,16,686,0
2,8,1,16,15,725,0
2,8,1,16,14,727,0
2,8,1,16,13,718,0
2,8,1,16,16,328,0
2,8,1,16,15,301,0
2,8,1,16,14,291,0
2,8,1,16,13,303,0
0,8,2,16,10,526,0
0,8,2,16,11,550,0
0,8,2,16,12,574,0
0,8,2,16,14,590,0
0,8,2,16,15,497,0
0,8,3,16,1,468,0
0,8,3,16,3,521,0
0,8,3,16,4,544,0
0,8,2,16,15,645,0
0,8,2,16,16,685,0
0,8,3,16,2,684,0
0,8,2,16,12,647,0
0,8,2,16,14,763,0
0,8,2,16,11,775,0
0,8,2,16,8,761,0
0,8,2,16,8,923,0
0,8,2,16,12,960,0
0,8,2,16,12,876,0
2,8,3,16,2,320,0
2,8,2,16,16,349,0
2,8,3,16,2,384,0
2,8,2,16,16,455,0
2,8,2,16,16,528,0
2,8,2,16,16,615,0
2,8,2,16,13,405,0
2,8,2,16,11,412,0
2,8,2,16,15,710,0
2,8,2,16,15,818,0
2,8,2,16,16,897,0
2,8,3,16,1,958,0
2,8,3,16,2,993,0
2,8,2,16,14,859,0
2,8,2,16,10,811,0
2,8,2,16,10,671,0
2,8,2,16,10,609,0
2,8,2,16,12,498,0
2,8,2,16,9,457,0
2,8,2,16,8,472,0
2,8,2,16,9,718,0
2,8,2,16,8,729,0
2,8,2,16,13,325,0
2,8,2,16,12,325,0
2,8,2,16,11,325,0
2,8,2,16,10,323,0
0,8,3,16,9,408,0
0,8,3,16,7,365,0
0,8,3,16,5,369,0
0,8,3,16,9,554,0
0,8,3,16,7,544,0
0,8,3,16,5,550,0
0,8,3,16,10,500,0
0,8,3,16,10,633,0
0,8,3,16,15,644,0
0,8,3,16,15,749,0
0,8,4,16,2,552,0
0,8,3,16,15,499,0
0,8,3,16,16,335,0
0,8,4,16,1,324,0
0,8,3,16,15,292,0
0,8,3,16,14,284,0
2,8,3,16,13,453,-10
2,8,3,16,12,452,-10
2,8,3,16,13,492,-10
2,8,3,16,12,496,-10
2,8,3,16,13,540,-10
2,8,3,16,13,416,-10
2,8,3,16,14,478,-10
2,8,3,16,11,424,-10
2,8,3,16,11,509,-10
2,8,3,16,8,729,0
2,8,3,16,6,706,0
2,8,3,16,4,705,0
2,8,3,16,8,912,0
2,8,3,16,6,906,0
2,8,3,16,4,893,0
2,8,3,16,9,785,0
2,8,3,16,10,825,0
2,8,3,16,16,689,0
2,8,3,16,15,683,0
2,8,3,16,14,675,0
2,8,3,16,15,901,0
2,8,4,16,2,937,0
2,8,3,16,15,1006,0
2,8,3,16,13,829,0
2,8,3,16,12,822,0
2,8,3,16,13,862,0
2,8,3,16,12,868,0
2,8,3,16,13,907,0
2,8,3,16,13,780,0
2,8,3,16,14,838,0
2,8,3,16,11,804,0
2,8,3,16,11,892,0
2,8,3,16,6,816,0
2,8,3,16,5,817,0
2,8,3,16,4,817,0
2,8,3,16,3,819,0
1,8,3,16,15,834,0
0,8,3,16,12,696,0
0,8,3,16,11,713,0
0,8,3,16,13,992,0
0,8,3,16,12,996,0
0,8,3,16,10,998,0
2,8,4,16,14,413,-10
2,8,4,16,14,460,-10
2,8,4,16,14,495,-10
2,8,4,16,15,465,-10
2,8,4,16,13,465,-10
2,8,4,16,12,552,-10
2,8,4,16,12,592,-10
2,8,4,16,12,632,-10
2,8,4,16,13,597,-10
2,8,4,16,11,597,-10
0,8,4,16,8,453,-15
0,8,4,16,8,501,-15
0,8,4,16,8,545,-15
0,8,4,16,9,505,-15
0,8,4,16,7,506,-15
2,8,4,16,7,331,-10
2,8,4,16,7,375,-10
2,8,4,16,7,418,-10
2,8,4,16,8,379,-10
2,8,4,16,6,379,-10
2,8,4,16,4,422,-5
2,8,4,16,4,495,-5
2,8,4,16,5,461,-5
2,8,4,16,3,457,-5
2,8,4,16,8,956,10
2,8,4,16,9,909,10
2,8,4,16,7,911,10
2,8,4,16,8,868,10
2,8,4,16,5,772,5
2,8,4,16,5,859,5
2,8,4,16,6,819,5
2,8,4,16,4,812,5
2,8,4,16,7,677,10
2,8,4,16,8,721,10
2,8,4,16,7,773,10
2,8,4,16,6,726,10
2,8,4,16,13,774,0
2,8,4,16,13,865,0
2,8,4,16,14,822,0
2,8,4,16,12,821,0
2,8,4,16,10,687,0
2,8,4,16,11,728,0
2,8,4,16,10,772,0
2,8,4,16,9,730,0
2,8,4,16,11,330,-15
2,8,4,16,12,369,-15
2,8,4,16,11,410,-15
2,8,4,16,10,365,-15
2,8,4,16,14,279,-5
2,8,4,16,15,323,-5
2,8,4,16,14,366,-5
2,8,4,16,13,330,-5
2,8,4,16,15,901,5
2,8,4,16,15,1001,5
2,8,4,16,16,954,5
2,8,4,16,14,956,5
2,8,4,16,15,678,0
2,8,4,16,15,597,0
2,8,4,16,16,639,0
2,8,4,16,14,638,0
0,8,4,16,14,331,-5
0,8,4,16,15,638,0
0,8,4,16,13,810,0
0,8,4,16,15,951,5
0,8,4,16,8,911,10
0,8,4,16,10,728,0
0,8,4,16,7,726,10
0,8,4,16,5,812,5
0,8,4,16,4,457,-5
0,8,4,16,11,365,-15
0,8,4,16,3,695,0
0,8,4,16,4,649,0
0,9,1,16,8,596,0
0,9,1,16,6,634,0
0,9,1,16,4,586,0
0,9,1,16,2,607,0
0,9,1,16,8,661,0
0,9,1,16,12,498,0
0,9,1,16,12,462,0
0,9,1,16,12,954,0
0,9,1,16,10,902,0
0,9,1,16,8,995,0
0,9,1,16,7,908,0
0,9,1,16,3,924,0
2,9,1,16,2,412,0
2,9,1,16,4,458,0
2,9,1,16,6,482,0
2,9,1,16,6,717,0
2,9,1,16,4,681,0
2,9,1,16,2,683,0
2,9,1,16,11,460,0
2,9,1,16,11,517,0
2,9,1,16,10,543,0
2,9,1,16,9,582,0
2,9,1,16,7,556,0
2,9,1,16,7,706,0
2,9,1,16,10,669,0
2,9,1,16,11,710,0
2,9,1,16,10,744,0
2,9,1,16,11,787,0
2,9,1,16,10,944,0
2,9,1,16,8,911,0
2,9,1,16,9,991,0
2,9,1,16,12,997,0
2,9,1,16,3,970,0
2,9,1,16,5,821,0
2,9,1,16,4,821,0
2,9,1,16,5,865,0
2,9,1,16,4,864,0
2,9,1,16,5,913,0
2,9,1,16,5,787,0
2,9,1,16,6,836,0
2,9,1,16,3,792,0
2,9,1,16,3,882,0
2,9,1,16,7,417,0
2,9,1,16,4,372,0
2,9,1,16,2,351,0
0,9,1,16,10,327,0
0,9,1,16,9,327,0
0,9,1,16,10,377,0
0,9,1,16,9,378,0
0,9,1,16,10,416,0
0,9,1,16,10,288,0
0,9,1,16,11,364,0
0,9,1,16,8,320,0
0,9,1,16,8,408,0
2,9,1,16,11,566,0
2,9,1,16,10,608,0
2,9,1,16,11,646,0
2,9,1,16,10,816,0
2,9,1,16,9,769,0
0,9,1,16,15,800,0
0,9,1,16,15,847,0
0,9,1,16,14,845,0
0,9,1,16,14,798,0
0,9,1,16,15,885,0
0,9,1,16,15,762,0
0,9,1,16,13,786,0
0,9,1,16,13,875,0
0,9,1,16,16,827,0
2,9,1,16,15,531,-5
2,9,1,16,15,635,-5
2,9,1,16,16,586,-5
2,9,1,16,14,582,-5
2,9,1,16,15,582,-5
2,9,1,16,14,333,-10
2,9,1,16,14,420,-10
2,9,1,16,15,380,-10
2,9,1,16,13,371,-10
2,9,1,16,14,372,-10
2,9,1,16,13,654,0
2,9,1,16,13,701,0
2,9,1,16,15,971,0
2,9,1,16,14,971,0
2,9,2,16,4,350,0
2,9,2,16,6,412,0
2,9,2,16,8,502,0
2,9,2,16,8,548,0
2,9,2,16,8,635,0
2,9,2,16,16,640,0
2,9,3,16,4,765,0
2,9,3,16,3,632,0
2,9,3,16,2,684,0
2,9,2,16,15,758,0
2,9,2,16,15,806,0
2,9,2,16,15,895,0
2,9,2,16,14,966,0
2,9,2,16,12,1006,0
2,9,2,16,4,901,0
2,9,2,16,3,998,0
2,9,2,16,5,997,0
0,9,2,16,6,472,0
0,9,2,16,6,558,0
0,9,2,16,1,504,0
0,9,2,16,1,709,0
2,9,2,16,4,577,0
2,9,2,16,3,624,0
2,9,2,16,3,655,0
2,9,2,16,4,675,0
2,9,2,16,3,573,0
2,9,2,16,2,690,0
2,9,2,16,4,401,0
2,9,2,16,3,314,0
0,9,2,16,8,324,0
0,9,2,16,7,330,0
0,9,2,16,8,365,0
0,9,2,16,7,366,0
0,9,2,16,8,418,0
0,9,2,16,8,289,0
0,9,2,16,9,345,0
0,9,2,16,6,304,0
0,9,2,16,6,379,0
2,9,2,16,5,774,0
2,9,2,16,5,820,0
2,9,2,16,4,817,0
2,9,2,16,5,853,0
2,9,2,16,4,781,0
2,9,2,16,5,741,0
2,9,2,16,3,763,0
2,9,2,16,3,843,0
2,9,2,16,6,799,0
2,9,2,16,7,763,0
2,9,2,16,11,779,0
2,9,2,16,10,794,0
2,9,2,16,9,835,0
2,9,2,16,8,877,0
2,9,2,16,8,931,0
2,9,2,16,9,964,0
2,9,2,16,10,991,0
2,9,2,16,11,954,0
2,9,2,16,11,916,0
2,9,2,16,10,904,0
2,9,2,16,12,783,0
2,9,2,16,13,776,0
2,9,2,16,15,328,0
2,9,2,16,16,362,0
2,9,3,16,1,412,0
2,9,3,16,2,444,0
2,9,3,16,1,478,0
2,9,2,16,16,495,0
2,9,2,16,15,522,0
2,9,3,16,1,568,0
2,9,3,16,2,574,0
2,9,3,16,3,571,0
2,9,3,16,4,558,0
2,9,3,16,5,553,0
2,9,3,16,6,535,0
2,9,3,16,7,525,0
2,9,3,16,8,497,0
2,9,3,16,9,460,0
2,9,3,16,8,419,0
2,9,3,16,7,397,0
2,9,3,16,6,374,0
2,9,3,16,5,353,0
2,9,3,16,4,336,0
2,9,3,16,3,322,0
2,9,3,16,2,319,0
2,9,3,16,1,324,0
2,9,2,16,16,328,0
0,9,3,16,2,375,0
0,9,3,16,3,507,0
0,9,3,16,2,526,0
0,9,3,16,6,420,0
0,9,3,16,5,397,0
0,9,2,16,15,436,0
0,9,2,16,14,437,0
0,9,2,16,13,437,0
0,9,3,16,2,860,5
0,9,3,16,1,863,5
0,9,3,16,2,906,5
0,9,3,16,1,911,5
0,9,3,16,2,943,5
0,9,3,16,2,813,5
0,9,3,16,3,881,5
0,9,2,16,16,851,5
0,9,2,16,16,923,5
2,9,3,16,9,413,0
2,9,3,16,10,389,0
2,9,3,16,11,374,0
2,9,3,16,11,434,0
2,9,3,16,11,516,0
2,9,3,16,11,568,0
2,9,3,16,10,547,0
2,9,3,16,9,511,0
2,9,3,16,10,461,0
0,9,3,16,10,773,0
0,9,3,16,11,793,0
0,9,3,16,12,812,0
0,9,3,16,13,827,0
0,9,3,16,14,846,0
0,9,3,16,13,884,0
0,9,3,16,12,907,0
0,9,3,16,11,930,0
0,9,3,16,10,944,0
0,9,4,16,3,930,0
0,9,4,16,4,886,0
0,9,4,16,5,857,0
0,9,4,16,6,820,0
0,9,4,16,5,793,0
0,9,4,16,4,770,0
0,9,4,16,3,753,0
0,9,4,16,2,735,0
0,9,4,16,1,723,0
0,9,3,16,16,719,0
0,9,3,16,15,726,0
0,9,3,16,14,724,0
0,9,3,16,13,727,0
0,9,3,16,12,734,0
0,9,3,16,11,736,0
0,9,4,16,2,955,0
0,9,4,16,1,967,0
0,9,3,16,16,964,0
0,9,3,16,15,965,0
0,9,3,16,14,968,0
0,9,3,16,13,968,0
0,9,3,16,12,967,0
0,9,3,16,11,965,0
2,9,3,16,13,773,0
2,9,3,16,9,855,0
2,9,3,16,8,816,0
2,9,3,16,7,791,0
2,9,3,16,6,789,0
2,9,3,16,5,807,0
2,9,3,16,4,845,0
2,9,3,16,4,895,0
2,9,3,16,5,947,0
2,9,3,16,6,958,0
2,9,3,16,7,926,0
2,9,3,16,7,877,0
2,9,3,16,6,873,0
2,9,3,16,16,510,0
2,9,3,16,15,499,0
2,9,3,16,16,557,0
2,9,3,16,15,550,0
2,9,3,16,16,603,0
2,9,3,16,16,473,0
2,9,3,16,14,482,0
2,9,3,16,14,579,0
2,9,4,16,1,542,0
0,9,4,16,4,367,0
0,9,4,16,2,328,0
0,9,3,16,15,318,0
2,9,4,16,4,552,0
2,9,4,16,2,511,0
2,9,3,16,14,547,0
2,9,4,16,6,448,0
2,9,4,16,7,509,0
2,9,4,16,8,450,0
2,9,4,16,9,399,0
2,9,4,16,10,360,0
2,9,4,16,14,334,0
2,9,4,16,10,477,0
2,9,4,16,11,529,0
2,9,4,16,13,647,0
0,9,4,16,14,445,0
0,9,4,16,13,449,0
0,9,4,16,14,484,0
0,9,4,16,13,486,0
0,9,4,16,14,516,0
0,9,4,16,14,414,0
0,9,4,16,12,420,0
0,9,4,16,12,506,0
0,9,4,16,15,458,0
2,9,4,16,10,647,15
2,9,4,16,8,594,15
2,9,4,16,7,630,15
2,9,4,16,6,771,0
2,9,4,16,7,734,0
2,9,4,16,8,700,0
2,9,4,16,8,760,0
2,9,4,16,8,823,0
2,9,4,16,8,862,0
2,9,4,16,6,868,0
2,9,4,16,7,913,0
2,9,4,16,8,952,0
2,9,4,16,8,911,0
2,9,4,16,13,773,0
2,9,4,16,12,773,0
2,9,4,16,13,825,0
2,9,4,16,12,827,0
2,9,4,16,13,871,0
2,9,4,16,13,731,0
2,9,4,16,14,790,0
2,9,4,16,11,748,0
2,9,4,16,11,858,0
0,10,1,16,5,435,0
0,10,1,16,6,499,0
0,10,1,16,8,596,0
0,10,1,16,11,686,0
0,10,1,16,13,752,0
0,10,1,16,14,686,0
0,10,1,16,16,645,0
0,10,1,16,4,469,0
0,10,1,16,4,558,0
0,10,1,16,3,633,0
0,10,1,16,3,700,0
0,10,1,16,2,760,0
0,10,1,16,2,838,0
0,10,1,16,3,918,0
0,10,1,16,2,998,0
0,10,1,16,1,909,0
2,10,1,16,4,368,0
2,9,4,16,16,636,0
2,9,4,16,15,637,0
2,9,4,16,15,682,0
2,9,4,16,16,688,0
2,9,4,16,16,732,0
2,9,4,16,16,586,0
2,9,4,16,14,597,0
2,9,4,16,14,714,0
2,10,1,16,1,660,0
2,10,1,16,1,511,0
2,10,1,16,2,457,0
2,10,1,16,3,392,0
2,10,1,16,11,854,0
2,10,1,16,10,824,0
2,10,1,16,9,814,0
2,10,1,16,8,817,0
2,10,1,16,7,871,0
2,10,1,16,8,879,0
2,10,1,16,9,895,0
2,10,1,16,8,932,0
2,10,1,16,7,945,0
2,10,1,16,8,977,0
2,10,1,16,9,990,0
2,10,1,16,10,961,0
2,10,1,16,11,949,0
2,10,1,16,12,893,0
2,10,1,16,13,852,0
2,10,1,16,14,945,0
2,10,1,16,14,819,0
2,10,1,16,14,869,0
2,10,1,16,14,915,0
2,10,1,16,14,978,0
2,10,1,16,13,960,0
2,10,1,16,12,929,0
2,10,1,16,9,321,0
2,10,1,16,10,363,0
2,10,1,16,11,389,0
2,10,1,16,12,405,0
2,10,1,16,11,450,0
2,10,1,16,10,479,0
2,10,1,16,9,497,0
2,10,1,16,10,535,0
2,10,1,16,11,552,0
2,10,1,16,12,566,0
2,10,1,16,13,566,0
2,10,1,16,14,547,0
2,10,1,16,10,300,0
2,10,1,16,11,284,0
2,10,1,16,12,287,0
2,10,1,16,13,282,0
2,10,1,16,14,291,0
2,10,1,16,15,303,0
2,10,1,16,16,331,0
2,10,1,16,15,546,0
2,10,1,16,16,510,0
0,10,1,16,11,340,0
0,10,1,16,9,852,0
1,10,1,16,7,831,0
0,10,1,16,7,686,0
0,10,1,16,6,729,0
2,10,1,16,6,345,0
2,10,1,16,7,396,0
2,10,1,16,8,458,0
2,10,1,16,9,421,0
2,10,1,16,8,376,0
2,10,1,16,6,634,0
2,10,1,16,5,671,0
2,10,1,16,5,856,0
2,10,1,16,5,907,0
2,10,1,16,4,786,0
2,10,1,16,5,979,0
2,10,1,16,9,731,0
2,10,1,16,9,659,0
2,10,1,16,11,782,0
2,10,2,16,1,363,0
2,10,2,16,2,395,0
2,10,2,16,3,412,0
2,10,2,16,2,450,0
2,10,2,16,1,487,0
2,10,2,16,4,367,0
2,10,2,16,5,326,0
2,10,2,16,6,313,0
2,10,2,16,6,368,0
2,10,2,16,6,433,0
2,10,2,16,6,487,0
2,10,2,16,6,522,0
2,10,2,16,5,499,0
2,10,2,16,4,465,0
0,10,1,16,15,411,-10
0,10,1,16,14,446,-10
0,10,1,16,12,497,-15
2,10,4,16,3,463,0
2,10,4,16,4,502,0
2,10,4,16,5,527,0
2,10,4,16,6,569,0
2,10,4,16,7,598,0
2,10,4,16,8,629,0
2,10,4,16,9,647,0
2,10,4,16,8,699,0
2,10,4,16,7,729,0
2,10,4,16,6,771,0
2,10,4,16,5,808,0
2,10,4,16,4,837,0
2,10,4,16,3,859,0
2,10,4,16,3,907,0
2,10,4,16,4,928,0
2,10,4,16,5,947,0
2,10,4,16,6,957,0
2,10,4,16,7,968,0
2,10,4,16,8,970,0
2,10,4,16,9,974,0
2,10,4,16,10,965,0
2,10,4,16,11,963,0
2,10,4,16,12,951,0
2,10,4,16,13,955,0
2,10,4,16,14,927,0
2,10,4,16,15,907,0
2,10,4,16,16,875,0
2,11,1,16,1,848,0
2,11,1,16,2,820,0
2,11,1,16,3,780,0
2,11,1,16,4,735,0
2,11,1,16,5,684,0
2,11,1,16,6,639,0
2,11,1,16,5,600,0
2,11,1,16,4,576,0
2,11,1,16,3,548,0
2,11,1,16,2,535,0
2,11,1,16,1,520,0
2,10,4,16,16,502,0
2,10,4,16,15,495,0
2,10,4,16,14,483,0
2,10,4,16,13,473,0
2,10,4,16,12,469,0
2,10,4,16,11,454,0
2,10,4,16,10,450,0
2,10,4,16,9,442,0
2,10,4,16,8,437,0
2,10,4,16,7,437,0
2,10,4,16,6,438,0
2,10,4,16,5,443,0
2,10,4,16,4,449,0
0,10,4,16,8,510,0
0,10,4,16,7,511,0
0,10,4,16,8,545,0
0,10,4,16,7,544,0
2,10,4,16,5,483,0
2,10,4,16,6,487,0
2,10,4,16,6,526,0
2,10,4,16,7,479,0
2,10,4,16,9,486,0
2,10,4,16,8,479,0
2,10,4,16,9,526,0
2,10,4,16,9,569,0
2,10,4,16,8,579,0
2,10,4,16,9,605,0
2,10,4,16,10,508,0
2,10,4,16,10,550,0
2,10,4,16,10,582,0
2,10,4,16,10,612,0
2,10,4,16,10,665,0
2,10,4,16,10,699,0
2,10,4,16,10,734,0
2,10,4,16,10,775,0
2,10,4,16,10,838,0
2,10,4,16,10,870,0
2,10,4,16,10,913,0
2,10,4,16,10,805,0
2,10,4,16,9,750,0
2,10,4,16,9,791,0
2,10,4,16,9,825,0
2,10,4,16,9,888,0
2,10,4,16,9,921,0
2,10,4,16,9,716,0
2,10,4,16,8,763,0
2,10,4,16,8,810,0
2,10,4,16,8,843,0
2,10,4,16,8,877,0
2,10,4,16,8,907,0
2,10,4,16,7,809,0
2,10,4,16,7,866,0
2,10,4,16,7,906,0
2,10,4,16,6,839,0
2,10,4,16,6,899,0
2,10,4,16,5,861,0
2,10,4,16,5,896,0
2,10,4,16,4,878,0
2,10,4,16,11,501,0
2,10,4,16,11,568,0
2,10,4,16,11,652,0
2,10,4,16,11,723,0
2,10,4,16,11,755,0
2,10,4,16,11,806,0
2,10,4,16,11,844,0
2,10,4,16,11,889,0
2,10,4,16,11,918,0
2,10,4,16,11,689,0
2,10,4,16,11,620,0
2,10,4,16,11,534,0
2,10,4,16,12,514,0
2,10,4,16,12,565,0
2,10,4,16,12,628,0
2,10,4,16,12,659,0
2,10,4,16,12,710,0
2,10,4,16,12,741,0
2,10,4,16,12,794,0
2,10,4,16,12,841,0
2,10,4,16,12,904,0
2,10,4,16,13,532,0
2,10,4,16,13,594,0
2,10,4,16,13,624,0
2,10,4,16,13,665,0
2,10,4,16,13,709,0
2,10,4,16,13,750,0
2,10,4,16,13,799,0
2,10,4,16,13,851,0
2,10,4,16,13,893,0
2,10,4,16,14,548,0
2,10,4,16,14,609,0
2,10,4,16,14,649,0
2,10,4,16,14,697,0
2,10,4,16,14,751,0
2,10,4,16,14,794,0
2,10,4,16,14,841,0
2,10,4,16,14,890,0
2,10,4,16,15,543,0
2,10,4,16,15,613,0
2,10,4,16,15,658,0
2,10,4,16,15,708,0
2,10,4,16,15,764,0
2,10,4,16,15,803,0
2,10,4,16,15,850,0
2,10,4,16,15,580,0
2,10,4,16,16,554,0
2,10,4,16,16,621,0
2,10,4,16,16,680,0
2,10,4,16,16,732,0
2,10,4,16,16,768,0
2,10,4,16,16,591,0
2,11,1,16,1,575,0
2,11,1,16,1,641,0
2,11,1,16,1,687,0
2,11,1,16,1,732,0
2,11,1,16,1,791,0
2,11,1,16,2,601,0
2,11,1,16,2,695,0
2,11,1,16,2,750,0
2,11,1,16,2,665,0
2,11,1,16,3,615,0
2,11,1,16,3,670,0
2,11,1,16,3,747,0
2,11,1,16,3,705,0
2,11,1,16,4,620,0
2,11,1,16,4,659,0
2,11,1,16,4,699,0
2,11,1,16,5,641,0
2,11,1,16,6,577,0
2,11,1,16,7,520,0
2,11,1,16,8,463,0
2,11,1,16,9,438,0
2,11,1,16,10,416,0
2,11,1,16,12,417,0
2,11,1,16,14,411,0
2,11,1,16,14,474,0
2,11,1,16,14,552,0
2,11,1,16,14,608,0
2,11,1,16,14,674,0
2,11,1,16,14,737,0
2,11,1,16,14,800,0
2,11,1,16,14,851,0
2,11,1,16,14,908,0
2,11,1,16,12,905,0
2,11,1,16,10,883,0
2,11,1,16,9,843,0
2,11,1,16,8,821,0
2,11,1,16,7,774,0
2,11,1,16,6,716,0
2,11,1,16,6,681,0
0,11,1,16,12,513,0
0,11,1,16,11,504,0
0,11,1,16,9,511,0
0,11,1,16,12,589,0
0,11,1,16,11,588,0
0,11,1,16,9,601,0
0,11,1,16,12,686,0
0,11,1,16,11,680,0
0,11,1,16,12,783,0
0,11,1,16,11,777,0
0,11,1,16,12,850,0
0,11,1,16,11,839,0
0,11,1,16,10,839,0
0,11,1,16,9,691,0
0,11,1,16,9,775,0
0,11,1,16,3,360,0
0,11,1,16,2,320,0
0,10,4,16,16,327,0
0,10,4,16,15,360,0
0,10,4,16,14,408,0
0,10,4,16,13,361,0
0,10,4,16,12,323,0
0,10,4,16,11,318,0
0,10,4,16,10,335,0
0,11,1,16,1,315,0
0,10,4,16,9,370,0
0,10,4,16,8,367,0
0,10,4,16,7,322,0
0,10,4,16,6,323,0
0,10,4,16,5,354,0
0,10,4,16,4,399,0
0,10,4,16,7,666,0
0,10,4,16,6,642,0
0,10,4,16,5,623,0
0,10,4,16,4,606,0
0,10,4,16,3,594,0
0,10,4,16,2,585,0
0,10,4,16,1,585,0
0,10,3,16,16,587,0
0,10,3,16,15,594,0
0,10,3,16,14,623,0
0,10,3,16,13,671,0
0,10,3,16,13,711,0
0,10,3,16,14,736,0
0,10,3,16,15,741,0
0,10,3,16,16,744,0
0,10,4,16,1,698,0
0,10,3,16,16,669,0
0,10,3,16,15,688,0
1,10,4,16,16,820,0
0,10,3,16,4,367,0
0,10,3,16,5,394,0
0,10,3,16,6,419,0
0,10,3,16,7,450,0
0,10,3,16,6,485,0
0,10,3,16,5,492,0
0,10,3,16,4,525,0
0,10,3,16,5,564,0
0,10,3,16,6,573,0
0,10,3,16,7,577,0
0,10,3,16,8,569,0
0,10,3,16,9,565,0
0,10,3,16,10,546,0
0,10,3,16,11,513,0
0,10,3,16,12,470,0
0,10,3,16,13,440,0
0,10,3,16,12,416,0
0,10,3,16,11,393,0
0,10,3,16,10,374,0
0,10,3,16,9,360,0
0,10,3,16,8,347,0
0,10,3,16,7,338,0
0,10,3,16,6,329,0
0,10,3,16,5,325,0
0,10,3,16,13,398,0
0,10,3,16,14,373,0
0,10,3,16,15,380,0
0,10,3,16,15,425,0
0,10,3,16,15,476,0
0,10,3,16,15,526,0
0,10,3,16,14,521,0
0,10,3,16,13,484,0
2,10,3,16,6,377,0
2,10,3,16,4,421,0
2,10,3,16,2,392,0
2,10,3,16,1,384,0
2,10,2,16,16,390,0
2,10,2,16,15,415,0
2,10,2,16,15,458,0
2,10,2,16,15,506,0
2,10,2,16,16,521,0
2,10,3,16,1,475,0
2,10,3,16,11,796,0
2,10,3,16,11,840,0
2,10,3,16,11,886,0
2,10,3,16,11,925,0
2,10,3,16,11,955,0
2,10,3,16,10,795,0
2,10,3,16,9,831,0
2,10,3,16,10,955,0
2,10,3,16,9,928,0
2,10,3,16,9,877,0
2,10,3,16,1,794,0
2,10,3,16,2,837,0
2,10,3,16,3,876,0
2,10,3,16,2,905,0
2,10,3,16,1,923,0
2,10,3,16,2,961,0
2,10,3,16,3,977,0
2,10,3,16,4,981,0
2,10,3,16,5,979,0
2,10,3,16,6,971,0
2,10,3,16,8,951,0
2,10,3,16,7,959,0
2,10,3,16,8,816,0
2,10,3,16,7,785,0
2,10,3,16,6,773,0
2,10,3,16,5,766,0
2,10,3,16,4,773,0
2,10,3,16,3,773,0
2,10,3,16,2,786,0
0,10,3,16,3,821,0
0,10,3,16,6,880,0
0,10,3,16,5,901,0
0,10,3,16,4,913,0
0,10,2,16,8,431,0
0,10,2,16,9,379,0
0,10,2,16,10,346,0
0,10,2,16,11,334,0
0,10,2,16,12,334,0
0,10,2,16,13,332,0
0,10,2,16,8,486,0
0,10,2,16,9,553,0
0,10,2,16,10,573,0
0,10,2,16,11,562,0
0,10,2,16,12,513,0
0,10,2,16,12,455,0
0,10,2,16,11,430,0
0,10,2,16,10,454,0
0,10,2,16,10,502,0
0,10,3,16,1,869,0
0,10,2,16,16,904,0
0,10,2,16,15,934,0
0,10,2,16,14,950,0
0,10,2,16,13,961,0
0,10,2,16,12,927,0
0,10,2,16,12,883,0
2,10,2,16,2,729,0
2,10,2,16,3,751,0
2,10,2,16,4,776,0
2,10,2,16,5,800,0
2,10,2,16,6,817,0
2,10,2,16,5,852,0
2,10,2,16,4,870,0
2,10,2,16,3,889,0
2,10,2,16,2,907,0
2,10,2,16,3,940,0
2,10,2,16,4,949,0
2,10,2,16,5,956,0
2,10,2,16,6,956,0
2,10,2,16,7,950,0
2,10,2,16,8,927,0
2,10,2,16,9,893,0
2,10,2,16,10,879,0
2,10,2,16,11,839,0
2,10,2,16,12,809,0
2,10,2,16,11,770,0
2,10,2,16,10,746,0
2,10,2,16,9,719,0
2,10,2,16,8,703,0
2,10,2,16,7,695,0
2,10,2,16,6,685,0
2,10,2,16,5,685,0
2,10,2,16,4,696,0
2,10,2,16,3,704,0
2,10,2,16,12,778,0
2,10,2,16,13,734,0
2,10,2,16,14,721,0
2,10,2,16,14,769,0
2,10,2,16,14,829,0
2,10,2,16,14,877,0
2,10,2,16,13,875,0
0,10,2,16,5,737,0
0,10,2,16,8,831,0
0,10,2,16,7,873,0
0,10,2,16,2,821,0
0,10,2,16,1,847,0
0,10,1,16,16,882,0
0,10,2,16,2,632,0
0,10,2,16,1,669,0
2,10,2,16,5,586,0
2,10,2,16,3,541,0
2,10,2,16,2,553,0
2,7,3,16,14,810,0
2,7,3,16,13,809,0
2,7,3,16,14,861,0
2,7,3,16,13,861,0
2,7,3,16,14,919,0
2,7,3,16,14,765,0
2,7,3,16,15,834,0
2,7,3,16,12,779,0
2,7,3,16,12,893,0
2,7,3,16,15,476,0
2,7,3,16,15,546,0
2,7,3,16,14,615,0
2,7,3,16,15,361,0
2,7,3,16,15,319,0
2,7,3,16,14,299,0
2,7,3,16,8,607,0
2,7,3,16,7,603,0
2,7,3,16,5,606,0
2,7,3,16,4,600,0
2,7,2,16,15,912,0
2,7,2,16,14,946,0
2,7,2,16,8,962,0
2,7,2,16,7,888,0
2,7,2,16,7,819,0
2,7,2,16,7,497,0
2,7,2,16,6,701,0
2,8,3,16,6,630,0
2,8,3,16,8,667,0
2,8,3,16,9,693,0
2,9,2,16,13,595,0
2,9,2,16,12,596,0
2,9,2,16,13,631,0
2,9,2,16,12,645,0
2,9,2,16,13,677,0
2,9,2,16,13,560,0
2,9,2,16,11,583,0
2,9,2,16,11,651,0
2,9,2,16,14,609,0
2,9,2,16,12,360,0
2,9,2,16,11,409,0
2,9,2,16,10,459,0
2,9,2,16,9,539,0
2,9,3,16,10,673,0
2,9,3,16,9,617,0
2,9,3,16,8,606,0
2,9,3,16,9,697,0
2,9,3,16,8,712,0
2,9,3,16,7,707,0
2,9,4,16,5,630,0
2,9,4,16,4,686,0
2,9,4,16,3,634,0
2,9,4,16,2,607,0
2,9,4,16,14,944,0
2,9,4,16,13,971,0
2,9,4,16,12,988,0
2,9,4,16,11,981,0
2,9,4,16,10,909,0
2,9,4,16,9,950,0
2,10,3,16,9,682,0
2,10,3,16,8,654,0
2,10,3,16,7,628,0
2,10,3,16,6,626,0
2,10,3,16,5,639,0
2,10,3,16,4,692,0
2,10,3,16,3,722,0
2,10,3,16,2,666,0
2,10,3,16,1,621,0
2,10,2,16,16,607,0
2,10,2,16,15,629,0
2,10,2,16,14,677,0
2,10,2,16,13,655,0
2,10,2,16,12,618,0
2,10,4,16,1,866,0
2,10,3,16,16,830,0
2,10,3,16,15,828,0
2,10,3,16,14,834,0
2,10,3,16,13,884,0
2,10,3,16,14,956,0
2,10,3,16,15,965,0
2,10,3,16,16,944,0
2,10,3,16,16,888,0
2,10,3,16,15,888,0
2,10,4,16,2,888,0
2,11,1,16,16,288,10
2,11,1,16,16,323,10
2,11,1,16,16,364,10
2,11,1,16,16,415,15
2,11,1,16,16,447,15
2,11,1,16,16,485,15
2,11,1,16,16,535,20
2,11,1,16,16,576,20
2,11,1,16,16,618,20
2,11,1,16,16,662,-10
2,11,1,16,16,718,-10
2,11,1,16,16,771,-10
2,11,1,16,16,812,-15
2,11,1,16,16,847,-15
2,11,1,16,16,884,-15
2,11,1,16,16,925,-20
2,11,1,16,16,974,-20
2,11,2,16,3,412,0
2,11,2,16,6,393,0
2,11,2,16,11,423,0
2,11,2,16,11,634,0
2,11,2,16,5,613,0
2,11,2,16,4,644,0
2,11,2,16,3,636,0
2,11,2,16,12,639,0
2,11,2,16,13,598,0
2,11,2,16,14,550,0
2,11,2,16,15,491,0
2,11,2,16,16,442,0
2,11,3,16,1,460,0
2,11,2,16,12,681,0
2,11,2,16,12,730,0
2,11,2,16,14,824,0
2,11,2,16,16,958,0
2,11,2,16,13,1004,0
2,11,2,16,8,917,0
2,11,2,16,7,905,0
2,11,2,16,6,943,0
0,11,2,16,9,417,0
0,11,2,16,9,487,0
0,11,2,16,7,454,0
0,11,2,16,6,550,0
0,11,2,16,4,544,0
0,11,2,16,3,574,0
0,11,2,16,6,626,0
0,11,2,16,6,719,0
0,11,2,16,6,769,0
0,11,2,16,6,832,0
0,11,2,16,4,913,0
0,11,2,16,3,815,0
0,11,2,16,8,785,0
0,11,2,16,9,865,0
0,11,2,16,10,932,0
0,11,2,16,12,971,0
0,11,2,16,12,321,0
0,11,2,16,11,325,0
0,11,2,16,12,364,0
0,11,2,16,11,371,0
0,11,2,16,12,414,0
0,11,2,16,12,274,0
0,11,2,16,10,304,0
0,11,2,16,10,402,0
0,11,2,16,13,352,0
0,11,2,16,8,329,0
0,11,2,16,7,326,0
0,11,2,16,6,326,0
0,11,2,16,5,326,0
2,11,2,16,9,635,0
2,11,2,16,8,586,0
2,11,2,16,8,539,0
2,11,2,16,13,467,0
2,11,2,16,12,499,0
2,11,2,16,11,546,0
2,11,2,16,11,774,0
2,11,2,16,10,777,0
2,11,2,16,11,817,0
2,11,2,16,10,817,0
2,11,2,16,11,852,0
2,11,2,16,11,732,0
2,11,2,16,12,796,0
2,11,2,16,9,755,0
2,11,2,16,9,823,0
2,11,3,16,3,597,0
2,11,3,16,3,676,0
2,11,3,16,1,636,0
2,11,3,16,2,718,0
2,11,3,16,2,797,0
2,11,3,16,1,905,0
2,11,3,16,2,981,0
2,11,2,16,15,717,0
2,11,2,16,13,792,0
2,11,2,16,15,934,0
2,11,2,16,14,929,0
0,11,3,16,4,374,0
0,11,3,16,7,459,0
0,11,3,16,10,598,0
0,11,3,16,10,768,0
0,11,3,16,12,789,0
0,11,3,16,14,783,0
0,11,3,16,15,827,0
0,11,3,16,16,882,0
0,11,3,16,4,502,0
0,11,3,16,5,580,0
2,11,3,16,6,740,0
2,11,3,16,5,819,0
2,11,3,16,3,853,0
2,11,3,16,4,856,0
2,11,3,16,4,905,0
2,11,3,16,3,897,0
2,11,3,16,2,936,0
2,11,3,16,3,947,0
2,11,3,16,14,440,0
2,11,3,16,12,520,0
2,11,3,16,12,621,0
2,11,3,16,11,690,0
2,11,3,16,12,856,0
2,11,3,16,13,954,0
2,11,3,16,14,980,0
2,11,3,16,10,954,0
2,11,3,16,8,902,0
2,11,3,16,7,826,0
2,11,3,16,9,525,0
2,11,3,16,8,541,0
2,11,3,16,7,569,0
2,11,3,16,9,622,0
2,11,3,16,8,700,0
2,11,3,16,14,323,0
0,11,3,16,12,325,0
0,11,3,16,12,363,0
0,11,3,16,12,396,0
0,11,3,16,12,293,0
0,11,3,16,10,314,0
0,11,3,16,13,344,0
0,11,3,16,10,392,0
0,11,3,16,11,329,0
0,11,3,16,11,361,0
0,11,3,16,8,370,0
0,11,3,16,7,332,0
0,11,3,16,6,323,0
0,11,3,16,5,301,0
0,11,3,16,2,336,0
0,11,3,16,1,347,0
2,11,3,16,16,595,0
2,11,3,16,15,598,0
2,11,3,16,16,632,0
2,11,3,16,15,639,0
2,11,3,16,16,667,0
2,11,3,16,16,555,0
2,11,4,16,1,616,0
2,11,3,16,14,580,0
2,11,3,16,14,664,0
2,11,4,16,14,422,0
2,11,4,16,14,507,0
2,11,4,16,11,456,0
2,11,4,16,8,487,0
2,11,4,16,8,578,0
2,11,4,16,5,524,0
2,11,4,16,16,597,0
2,11,4,16,16,693,0
2,11,4,16,12,645,0
2,11,4,16,12,742,0
2,11,4,16,10,600,0
2,11,4,16,7,625,0
2,11,4,16,9,666,0
2,11,4,16,10,719,0
2,11,4,16,10,791,0
2,11,4,16,10,849,0
2,11,4,16,10,912,0
2,11,4,16,10,963,0
2,11,4,16,11,990,0
2,11,4,16,12,995,0
2,11,4,16,13,975,0
2,11,4,16,14,914,0
2,11,4,16,6,654,0
2,11,4,16,5,675,0
2,11,4,16,4,674,0
2,11,4,16,3,647,0
2,11,4,16,5,900,0
2,11,4,16,5,965,0
2,11,4,16,3,902,0
2,11,4,16,2,841,0
0,11,4,16,6,782,0
0,11,4,16,8,852,0
0,11,4,16,7,918,0
0,11,4,16,9,327,0
0,11,4,16,8,327,0
0,11,4,16,9,368,0
0,11,4,16,8,371,0
0,11,4,16,9,402,0
0,11,4,16,9,286,0
0,11,4,16,7,308,0
0,11,4,16,7,390,0
0,11,4,16,10,345,0
0,11,4,16,4,371,0
0,11,4,16,3,370,0
0,11,4,16,4,413,0
0,11,4,16,3,423,0
0,11,4,16,4,460,0
0,11,4,16,4,325,0
0,11,4,16,5,393,0
0,11,4,16,2,338,0
0,11,4,16,2,446,0
0,11,4,16,15,775,10
0,11,4,16,14,774,10
0,11,4,16,15,817,10
0,11,4,16,14,822,10
0,11,4,16,15,865,10
0,11,4,16,15,730,10
0,11,4,16,16,797,10
0,11,4,16,13,747,10
0,11,4,16,13,857,10
2,11,4,16,13,605,0
2,11,4,16,12,571,0
2,11,4,16,12,542,0
2,11,4,16,11,528,0
2,11,4,16,14,588,0
2,11,4,16,16,328,-10
2,11,4,16,16,371,-10
2,11,4,16,15,369,-10
2,11,4,16,15,325,-10
2,11,4,16,16,280,-10
2,11,4,16,16,414,-10
2,11,4,16,14,311,-10
2,11,4,16,14,391,-10
2,12,1,16,1,353,-10
2,11,4,16,12,353,0
2,11,4,16,11,329,0
2,11,4,16,13,396,0
2,12,1,16,6,325,0
2,12,1,16,6,401,0
2,12,1,16,6,489,0
2,12,1,16,6,593,0
2,12,1,16,5,641,0
2,12,1,16,5,709,0
2,12,1,16,4,771,0
2,12,1,16,3,829,0
2,12,1,16,2,882,0
2,12,1,16,1,953,0
2,12,1,16,1,851,0
2,12,1,16,1,772,0
2,12,1,16,2,744,0
2,12,1,16,7,374,0
2,12,1,16,9,497,0
2,12,1,16,10,629,0
2,12,1,16,11,705,0
2,12,1,16,13,732,0
2,12,1,16,15,910,0
1,12,1,16,15,812,0
0,12,1,16,14,414,-5
0,12,1,16,13,413,-5
0,12,1,16,14,453,-5
0,12,1,16,13,458,-5
0,12,1,16,14,492,-5
0,12,1,16,14,372,-5
0,12,1,16,15,434,-5
0,12,1,16,12,376,-5
0,12,1,16,12,489,-5
0,12,1,16,3,499,5
0,12,1,16,2,499,5
0,12,1,16,3,545,5
0,12,1,16,2,550,5
0,12,1,16,3,597,5
0,12,1,16,3,457,5
0,12,1,16,4,522,5
0,12,1,16,1,467,5
0,12,1,16,1,579,5
0,12,1,16,10,868,10
0,12,1,16,9,869,10
0,12,1,16,10,908,10
0,12,1,16,9,912,10
0,12,1,16,10,948,10
0,12,1,16,10,833,10
0,12,1,16,11,890,10
0,12,1,16,8,844,10
0,12,1,16,8,936,10
2,12,1,16,7,735,0
2,12,1,16,6,777,0
2,12,1,16,5,862,0
2,12,1,16,5,820,0
2,12,1,16,4,874,0
2,12,1,16,3,932,0
2,12,1,16,3,981,0
2,12,1,16,8,553,0
2,12,1,16,8,626,0
2,12,1,16,9,707,0
2,12,1,16,10,752,0
2,12,1,16,11,800,0
2,12,1,16,11,319,0
2,12,1,16,10,331,0
2,12,1,16,9,381,0
2,12,1,16,8,421,0
2,12,1,16,13,594,0
2,12,1,16,14,648,0
2,12,1,16,15,703,0
