14,,,,,,
40,,,,,,
40,,,,,,
40,,,,,,
40,,,,,,
40,,,,,,
40,,,,,,
40,,,,,,
40,,,,,,
40,,,,,,
40,,,,,,
40,,,,,,
40,,,,,,
40,,,,,,
40,,,,,,
1298,31,1843,,,,
0,1,2,16,16,323,-10
0,1,2,16,15,366,-10
0,1,2,16,14,424,-10
0,1,2,16,13,463,-10
0,1,2,16,12,320,-10
0,1,2,16,11,369,-10
0,1,2,16,10,411,-10
0,1,2,16,9,458,-10
0,1,2,16,11,502,-10
0,1,2,16,10,549,-10
0,1,2,16,9,593,-10
0,1,2,16,8,641,-10
0,1,2,16,15,502,-10
0,1,2,16,14,549,-10
0,1,2,16,13,599,-10
0,1,2,16,12,638,-10
2,1,2,16,13,904,0
2,1,2,16,12,908,0
2,1,2,16,11,908,0
2,1,2,16,10,911,0
2,1,2,16,9,907,0
2,1,2,16,8,907,0
2,1,2,16,7,907,0
2,1,2,16,6,908,0
2,1,2,16,5,910,0
2,1,2,16,4,905,0
2,1,2,16,3,907,0
0,1,3,16,15,367,10
0,1,3,16,14,414,10
0,1,3,16,15,460,10
0,1,3,16,14,548,10
0,1,3,16,15,595,10
0,1,4,16,1,678,10
0,1,3,16,11,427,10
0,1,3,16,8,415,10
0,1,3,16,7,368,10
0,1,3,16,5,949,0
2,1,3,16,11,802,0
2,1,3,16,10,809,0
2,1,3,16,9,866,0
2,1,3,16,9,911,0
2,1,3,16,10,949,0
2,1,3,16,9,963,0
2,1,3,16,11,857,0
2,1,3,16,12,868,0
2,1,3,16,13,915,0
2,1,3,16,5,729,0
2,1,3,16,12,768,0
2,1,3,16,7,593,10
2,1,3,16,8,593,10
2,1,3,16,8,496,10
2,1,3,16,12,509,10
0,1,4,16,8,368,10
0,1,4,16,11,455,10
0,1,4,16,11,596,10
0,1,4,16,14,821,5
0,1,4,16,10,812,5
0,1,4,16,8,870,5
0,1,4,16,16,639,5
2,1,4,16,12,719,10
2,1,4,16,8,597,10
2,1,4,16,9,953,-5
2,1,4,16,6,866,-5
2,1,4,16,6,777,-5
2,1,4,16,4,774,-5
2,1,4,16,4,868,-5
2,1,4,16,3,682,-5
2,1,4,16,7,678,-5
0,2,1,16,7,766,0
0,2,1,16,9,857,0
0,2,1,16,8,901,0
0,2,1,16,4,852,0
0,2,1,16,13,739,0
0,2,1,16,14,860,0
0,2,1,16,15,856,0
0,2,1,16,14,810,0
2,2,1,16,3,369,0
2,2,1,16,5,412,0
2,2,1,16,7,505,0
2,2,1,16,7,591,0
2,2,1,16,6,649,0
2,2,1,16,10,594,0
2,2,1,16,10,509,0
2,2,1,16,13,592,0
2,2,1,16,14,503,0
2,2,1,16,15,416,0
1,2,1,16,16,552,0
0,2,2,16,15,416,-10
0,2,2,16,13,425,-10
0,2,2,16,12,460,-10
0,2,2,16,10,418,-10
0,2,2,16,9,540,-10
0,2,2,16,11,590,-10
0,2,2,16,4,372,-10
0,2,2,16,6,460,-10
0,2,2,16,7,368,-10
2,2,2,16,3,509,-10
2,2,2,16,5,592,-10
2,2,2,16,7,726,10
2,2,2,16,10,771,10
2,2,2,16,10,815,10
2,2,2,16,10,861,10
2,2,2,16,13,913,10
2,2,2,16,8,949,10
2,2,2,16,13,738,10
0,2,3,16,15,286,-10
0,2,3,16,15,360,-10
0,2,3,16,13,367,-10
0,2,3,16,13,454,-10
0,2,3,16,11,459,-10
0,2,3,16,11,546,-10
2,2,3,16,12,895,10
2,2,3,16,12,988,10
2,2,3,16,10,823,10
2,2,3,16,10,914,10
2,2,3,16,8,692,10
2,2,3,16,8,780,10
2,2,3,16,6,591,10
2,2,3,16,6,676,10
2,2,3,16,4,588,10
2,2,3,16,4,505,10
2,2,4,16,14,285,20
2,2,4,16,14,326,20
2,2,4,16,14,368,20
2,2,4,16,14,411,15
2,2,4,16,14,465,15
2,2,4,16,14,505,15
2,2,4,16,14,553,10
2,2,4,16,14,601,10
2,2,4,16,14,684,-10
2,2,4,16,14,719,-10
2,2,4,16,14,771,-15
2,2,4,16,14,819,-15
2,2,4,16,14,864,-15
2,2,4,16,14,907,-20
2,2,4,16,14,954,-20
2,2,4,16,14,1001,-20
2,2,4,16,12,680,10
2,2,4,16,12,727,10
2,2,4,16,12,772,15
2,2,4,16,12,818,15
2,2,4,16,12,863,15
2,2,4,16,12,908,20
2,2,4,16,12,957,20
2,2,4,16,12,994,20
2,2,4,16,12,593,-10
2,2,4,16,12,546,-10
2,2,4,16,12,506,-15
2,2,4,16,12,462,-15
2,2,4,16,12,415,-15
2,2,4,16,12,371,-20
2,2,4,16,12,321,-20
2,2,4,16,12,283,-20
1,2,4,16,15,459,0
1,2,4,16,15,820,0
0,2,4,16,10,282,-25
0,2,4,16,10,370,-25
0,2,4,16,10,510,15
0,2,4,16,10,597,15
0,2,4,16,10,687,-15
0,2,4,16,10,774,-15
0,2,4,16,10,864,20
0,2,4,16,10,955,20
0,3,1,16,15,290,0
0,3,1,16,15,369,0
0,3,1,16,13,372,0
0,3,1,16,13,461,0
0,3,1,16,11,462,0
0,3,1,16,11,550,0
2,3,1,16,9,276,10
2,3,1,16,9,361,10
2,3,1,16,7,373,10
2,3,1,16,7,465,10
2,3,1,16,5,455,10
2,3,1,16,5,550,10
2,3,1,16,7,682,10
2,3,1,16,7,771,10
2,3,1,16,9,772,10
2,3,1,16,9,861,10
2,3,1,16,11,861,10
2,3,1,16,11,951,10
2,3,1,16,13,954,10
2,3,1,16,13,1000,10
0,3,1,16,13,774,-10
0,3,1,16,12,726,-10
0,3,1,16,14,814,-10
0,3,1,16,15,861,-10
0,3,1,16,16,908,-10
1,3,1,16,16,1001,0
0,3,2,16,8,500,-25
0,3,2,16,9,545,-25
0,3,2,16,10,600,0
0,3,2,16,8,414,20
0,3,2,16,9,372,20
0,3,2,16,10,325,0
2,3,2,16,10,455,0
2,3,2,16,11,416,0
2,3,2,16,12,373,0
2,3,2,16,11,499,0
2,3,2,16,12,548,0
2,3,2,16,13,591,0
2,3,2,16,13,327,0
2,3,2,16,13,414,0
2,3,2,16,13,505,0
2,3,2,16,12,463,0
2,3,2,16,6,729,0
2,3,2,16,5,775,0
2,3,2,16,4,816,0
2,3,2,16,3,871,0
2,3,2,16,4,912,0
2,3,2,16,5,962,0
2,3,2,16,6,1003,0
0,3,2,16,8,867,-5
0,3,2,16,9,823,-5
0,3,2,16,10,782,-5
0,3,2,16,10,956,-5
0,3,2,16,9,914,-5
0,3,2,16,10,871,-5
0,3,2,16,11,867,-5
0,3,2,16,12,862,-5
0,3,2,16,13,862,-5
2,3,2,16,7,319,0
2,3,2,16,5,369,0
2,3,2,16,4,418,0
2,3,2,16,3,446,0
2,3,2,16,4,497,0
2,3,2,16,5,542,0
2,3,2,16,6,585,0
2,3,3,16,1,330,-10
2,3,3,16,3,364,-10
2,3,3,16,6,415,-10
2,3,3,16,9,505,-10
2,3,3,16,12,596,-10
2,3,3,16,1,461,-10
2,3,3,16,6,544,-10
2,3,3,16,3,504,-10
2,3,3,16,9,633,-10
2,3,3,16,12,728,-10
0,3,3,16,12,372,-25
0,3,3,16,12,274,-25
0,3,3,16,9,283,-25
0,3,3,16,9,368,-25
0,3,3,16,6,374,-25
0,3,3,16,6,464,-25
0,3,3,16,9,455,-25
0,3,3,16,5,508,-25
0,3,3,16,2,509,-25
0,3,3,16,5,592,-25
0,3,3,16,2,594,-25
2,3,3,16,2,723,10
2,3,3,16,5,728,10
2,3,3,16,5,824,10
2,3,3,16,2,814,10
2,3,3,16,9,865,10
2,3,3,16,6,864,10
2,3,3,16,6,959,10
2,3,3,16,9,956,10
2,3,3,16,12,957,10
0,3,3,16,1,774,5
0,3,3,16,4,772,5
0,3,3,16,4,869,5
0,3,3,16,1,864,5
0,3,3,16,7,907,5
0,3,3,16,10,904,5
0,3,3,16,10,1006,5
0,3,3,16,7,1004,5
0,3,4,16,10,362,-10
0,3,4,16,11,406,-10
0,3,4,16,12,457,-10
0,3,4,16,11,499,-10
0,3,4,16,10,545,-10
0,3,4,16,13,416,-10
0,3,4,16,13,363,-10
0,3,4,16,13,457,-10
0,3,4,16,14,463,-10
0,3,4,16,13,499,-10
0,3,4,16,13,549,-10
2,3,4,16,7,552,0
2,3,4,16,7,596,0
2,3,4,16,7,638,0
2,3,4,16,7,675,0
2,3,4,16,7,724,0
2,3,4,16,6,639,0
2,3,4,16,5,594,0
2,3,4,16,4,554,0
2,3,4,16,5,688,0
2,3,4,16,4,732,0
2,3,4,16,8,636,0
0,3,4,16,15,460,-10
2,3,4,16,11,772,0
2,3,4,16,12,814,0
2,3,4,16,12,869,0
2,3,4,16,11,905,0
2,3,4,16,13,819,0
2,3,4,16,13,863,0
2,3,4,16,14,910,0
2,3,4,16,14,951,0
2,3,4,16,14,777,0
2,3,4,16,14,728,0
2,3,4,16,15,824,0
2,3,4,16,15,862,0
2,3,4,16,16,860,0
2,3,4,16,16,820,0
0,3,4,16,14,815,-10
0,3,4,16,14,865,-10
0,3,4,16,8,954,10
0,3,4,16,7,905,10
0,3,4,16,6,864,10
0,3,4,16,5,821,10
0,3,4,16,6,957,10
0,3,4,16,5,916,10
0,3,4,16,4,874,10
0,3,4,16,3,821,10
2,3,4,16,6,326,-10
2,3,4,16,7,362,-10
2,3,4,16,5,372,-10
2,3,4,16,6,415,-10
2,3,4,16,4,411,-10
2,3,4,16,5,458,-10
1,3,4,16,9,635,0
2,4,1,16,13,362,10
2,4,1,16,12,409,10
2,4,1,16,11,464,10
2,4,1,16,10,505,10
2,4,1,16,9,552,10
2,4,1,16,8,591,10
2,4,1,16,7,634,10
2,4,1,16,6,685,10
2,4,1,16,5,734,10
2,4,1,16,4,773,10
2,4,1,16,3,828,10
2,4,1,16,2,869,10
2,4,1,16,14,502,10
2,4,1,16,13,549,10
2,4,1,16,12,603,10
2,4,1,16,11,644,10
2,4,1,16,10,689,10
2,4,1,16,9,731,10
2,4,1,16,8,777,10
2,4,1,16,7,819,10
2,4,1,16,6,861,10
2,4,1,16,5,904,10
2,4,1,16,4,957,10
0,4,1,16,15,905,10
0,4,1,16,14,861,10
0,4,1,16,13,820,10
0,4,1,16,12,776,10
0,4,1,16,11,820,10
0,4,1,16,12,867,10
0,4,1,16,13,910,10
0,4,1,16,14,951,10
0,4,1,16,7,911,20
0,4,1,16,8,948,20
0,4,1,16,9,993,20
0,4,1,16,8,854,20
0,4,1,16,9,909,20
0,4,1,16,10,954,20
0,4,1,16,10,324,0
0,4,1,16,9,326,0
0,4,1,16,8,367,0
0,4,1,16,7,368,0
0,4,1,16,7,413,0
0,4,1,16,6,412,0
2,4,1,16,7,319,0
2,4,1,16,6,321,0
2,4,1,16,6,366,0
2,4,1,16,5,366,0
2,4,1,16,5,411,0
2,4,1,16,4,413,0
2,4,1,16,4,367,0
2,4,1,16,3,363,0
2,4,1,16,3,412,0
2,4,1,16,2,422,0
2,4,1,16,5,324,0
2,4,1,16,3,459,0
2,4,1,16,2,461,0
2,4,1,16,1,462,0
2,4,1,16,8,321,0
2,4,1,16,4,458,0
0,4,1,16,6,451,0
0,4,1,16,5,460,0
0,4,2,16,2,322,0
0,4,2,16,2,368,0
0,4,2,16,2,410,0
0,4,2,16,3,369,0
0,4,2,16,3,416,0
0,4,2,16,3,458,0
0,4,2,16,4,416,0
0,4,2,16,4,457,0
0,4,2,16,4,506,0
0,4,2,16,5,460,0
0,4,2,16,5,506,0
0,4,2,16,5,548,0
2,4,2,16,2,551,0
2,4,2,16,2,595,0
2,4,2,16,2,637,0
2,4,2,16,3,594,0
2,4,2,16,3,645,0
2,4,2,16,3,688,0
2,4,2,16,4,635,0
2,4,2,16,4,728,0
2,4,2,16,4,689,0
2,4,2,16,5,681,0
2,4,2,16,5,730,0
2,4,2,16,5,772,0
2,4,2,16,2,816,0
2,4,2,16,2,863,0
2,4,2,16,2,909,0
2,4,2,16,3,860,0
2,4,2,16,3,904,0
2,4,2,16,3,957,0
2,4,2,16,4,909,0
2,4,2,16,4,957,0
2,4,2,16,4,996,0
2,4,2,16,7,459,0
2,4,2,16,7,501,0
2,4,2,16,7,548,0
2,4,2,16,8,414,0
2,4,2,16,8,453,0
2,4,2,16,8,497,0
2,4,2,16,9,364,0
2,4,2,16,9,414,0
2,4,2,16,9,463,0
2,4,2,16,10,317,0
2,4,2,16,10,365,0
2,4,2,16,10,415,0
2,4,2,16,11,281,0
2,4,2,16,11,319,0
2,4,2,16,11,362,0
2,4,2,16,7,641,0
2,4,2,16,7,689,0
2,4,2,16,7,737,0
2,4,2,16,8,686,0
2,4,2,16,8,638,0
2,4,2,16,8,595,0
2,4,2,16,9,553,0
2,4,2,16,9,630,0
2,4,2,16,9,591,0
2,4,2,16,10,593,0
2,4,2,16,10,549,0
2,4,2,16,10,503,0
2,4,2,16,11,460,0
2,4,2,16,11,502,0
2,4,2,16,11,543,0
0,4,2,16,7,996,0
0,4,2,16,7,948,0
0,4,2,16,7,909,0
0,4,2,16,8,862,0
0,4,2,16,8,905,0
0,4,2,16,8,961,0
0,4,2,16,9,820,0
0,4,2,16,9,859,0
0,4,2,16,9,915,0
0,4,2,16,10,774,0
0,4,2,16,10,818,0
0,4,2,16,10,856,0
0,4,2,16,11,728,0
0,4,2,16,11,778,0
0,4,2,16,11,819,0
0,4,2,16,14,325,0
0,4,2,16,14,364,0
0,4,2,16,14,414,0
0,4,2,16,15,368,0
0,4,2,16,15,415,0
0,4,2,16,15,468,0
0,4,2,16,16,412,0
0,4,2,16,16,462,0
0,4,2,16,16,503,0
0,4,3,16,1,459,0
0,4,3,16,1,503,0
0,4,3,16,1,548,0
0,4,3,16,2,502,0
0,4,3,16,2,548,0
0,4,3,16,2,594,0
2,4,2,16,14,592,0
2,4,2,16,14,637,0
2,4,2,16,14,682,0
2,4,2,16,15,636,0
2,4,2,16,15,683,0
2,4,2,16,15,728,0
2,4,2,16,16,684,0
2,4,2,16,16,731,0
2,4,2,16,16,772,0
2,4,3,16,1,729,0
2,4,3,16,1,825,0
2,4,3,16,2,773,0
2,4,3,16,2,816,0
2,4,3,16,2,851,0
2,4,3,16,5,951,0
2,4,3,16,5,911,0
2,4,3,16,5,870,0
2,4,3,16,6,817,0
2,4,3,16,6,868,0
2,4,3,16,6,907,0
1,4,3,16,1,770,0
2,4,3,16,7,773,0
2,4,3,16,7,814,0
2,4,3,16,7,865,0
2,4,3,16,8,725,0
2,4,3,16,8,776,0
2,4,3,16,8,818,0
2,4,3,16,9,689,0
2,4,3,16,9,726,0
2,4,3,16,9,772,0
2,4,3,16,10,642,0
2,4,3,16,10,733,0
2,4,3,16,10,687,0
2,4,3,16,4,735,0
2,4,3,16,4,694,0
2,4,3,16,4,636,0
2,4,3,16,5,601,0
2,4,3,16,5,642,0
2,4,3,16,5,687,0
2,4,3,16,6,557,0
2,4,3,16,6,591,0
2,4,3,16,6,637,0
2,4,3,16,7,506,0
2,4,3,16,7,543,0
2,4,3,16,7,590,0
2,4,3,16,8,467,0
2,4,3,16,8,511,0
2,4,3,16,8,546,0
2,4,3,16,9,427,0
2,4,3,16,9,465,0
2,4,3,16,9,512,0
2,4,3,16,10,382,0
2,4,3,16,10,413,0
2,4,3,16,10,464,0
0,4,3,16,3,462,0
0,4,3,16,3,420,0
0,4,3,16,3,372,0
0,4,3,16,4,331,0
0,4,3,16,4,374,0
0,4,3,16,4,417,0
0,4,3,16,5,291,0
0,4,3,16,5,365,0
0,4,3,16,5,335,0
0,4,3,16,7,453,0
0,4,3,16,7,404,0
0,4,3,16,8,412,0
0,4,3,16,8,365,0
0,4,3,16,9,317,0
0,4,3,16,9,360,0
0,4,3,16,10,816,0
0,4,3,16,9,862,0
0,4,3,16,8,910,0
0,4,3,16,7,956,0
0,4,3,16,2,1000,0
0,4,2,16,16,950,0
0,4,2,16,14,872,0
0,4,3,16,13,324,0
0,4,3,16,13,367,0
0,4,3,16,13,419,0
0,4,3,16,14,366,0
0,4,3,16,14,417,0
0,4,3,16,14,462,0
0,4,3,16,15,410,0
0,4,3,16,15,454,0
0,4,3,16,15,504,0
0,4,3,16,16,460,0
0,4,3,16,16,508,0
0,4,3,16,16,556,0
0,4,4,16,1,500,0
0,4,4,16,1,552,0
0,4,4,16,1,596,0
2,4,3,16,13,504,0
2,4,3,16,13,546,0
2,4,3,16,13,592,0
2,4,3,16,13,635,0
2,4,3,16,14,555,0
2,4,3,16,14,594,0
2,4,3,16,14,637,0
2,4,3,16,14,686,0
2,4,3,16,15,594,0
2,4,3,16,15,643,0
2,4,3,16,15,689,0
2,4,3,16,15,729,0
2,4,3,16,16,639,0
2,4,3,16,16,688,0
2,4,3,16,16,744,0
2,4,3,16,16,800,0
2,4,4,16,1,677,0
2,4,4,16,1,726,0
2,4,4,16,1,775,0
2,4,4,16,1,818,0
2,4,4,16,2,729,0
2,4,4,16,2,771,0
2,4,4,16,2,814,0
2,4,4,16,2,859,0
0,4,3,16,13,873,0
0,4,3,16,13,912,0
0,4,3,16,13,964,0
0,4,3,16,14,903,0
0,4,3,16,14,961,0
0,4,3,16,14,995,0
0,4,3,16,15,953,0
0,4,3,16,15,1005,0
0,4,3,16,16,996,0
2,4,3,16,13,689,0
2,4,3,16,14,733,0
2,4,3,16,15,779,0
2,4,4,16,2,918,0
2,4,4,16,1,872,0
2,4,3,16,16,837,0
2,4,3,16,15,820,0
2,4,3,16,14,783,0
2,4,3,16,13,732,0
2,4,4,16,4,818,0
2,4,4,16,4,862,0
2,4,4,16,4,903,0
2,4,4,16,4,947,0
2,4,4,16,5,870,0
2,4,4,16,5,907,0
2,4,4,16,5,952,0
2,4,4,16,5,994,0
2,4,4,16,6,906,0
2,4,4,16,6,957,0
2,4,4,16,6,993,0
2,4,4,16,7,950,0
2,4,4,16,7,1006,0
2,4,4,16,8,959,0
2,4,4,16,8,921,0
2,4,4,16,8,871,0
2,4,4,16,8,818,0
2,4,4,16,9,773,0
2,4,4,16,9,815,0
2,4,4,16,9,864,0
2,4,4,16,9,900,0
2,4,4,16,10,730,0
2,4,4,16,10,768,0
2,4,4,16,10,812,0
2,4,4,16,10,860,0
2,4,4,16,11,685,0
2,4,4,16,11,737,0
2,4,4,16,11,775,0
2,4,4,16,11,820,0
2,4,4,16,12,645,0
2,4,4,16,12,682,0
2,4,4,16,12,730,0
2,4,4,16,12,773,0
2,4,4,16,13,602,0
2,4,4,16,13,641,0
2,4,4,16,13,679,0
2,4,4,16,13,733,0
0,4,4,16,12,590,0
0,4,4,16,11,639,0
0,4,4,16,10,681,0
0,4,4,16,9,726,0
0,4,4,16,8,777,0
0,4,4,16,11,552,0
0,4,4,16,12,503,0
0,4,4,16,12,550,0
0,4,4,16,11,597,0
0,4,4,16,10,589,0
0,4,4,16,10,640,0
0,4,4,16,9,636,0
0,4,4,16,9,678,0
0,4,4,16,8,692,0
0,4,4,16,8,732,0
2,4,4,16,5,459,0
2,4,4,16,5,423,0
2,4,4,16,5,371,0
2,4,4,16,5,327,0
2,4,4,16,6,285,0
2,4,4,16,6,326,0
2,4,4,16,6,413,0
2,4,4,16,7,276,0
2,4,4,16,7,327,0
2,4,4,16,7,372,0
2,4,4,16,8,281,0
2,4,4,16,9,286,0
2,4,4,16,8,321,0
2,4,4,16,4,375,0
2,4,4,16,4,411,0
2,4,4,16,4,449,0
2,4,4,16,4,505,0
1,4,4,16,6,366,0
2,4,4,16,10,283,0
2,4,4,16,10,323,0
2,4,4,16,11,283,0
2,4,4,16,11,329,0
2,4,4,16,11,376,0
2,4,4,16,12,290,0
2,4,4,16,12,322,0
2,4,4,16,12,371,0
2,4,4,16,12,419,0
2,4,4,16,13,285,0
2,4,4,16,13,326,0
2,4,4,16,13,377,0
2,4,4,16,13,409,0
0,4,4,16,11,505,0
0,4,4,16,10,548,0
0,4,4,16,9,589,0
0,4,4,16,8,644,0
0,4,4,16,8,594,0
0,4,4,16,9,550,0
0,4,4,16,10,503,0
0,4,4,16,11,459,0
2,4,4,16,14,283,0
2,4,4,16,14,324,0
2,4,4,16,14,377,0
2,4,4,16,14,417,0
2,4,4,16,14,460,0
2,4,4,16,14,502,0
2,4,4,16,14,554,0
2,4,4,16,14,584,0
2,4,4,16,14,646,0
2,4,4,16,14,687,0
2,4,4,16,15,289,0
2,4,4,16,15,328,0
2,4,4,16,15,378,0
2,4,4,16,15,432,0
2,4,4,16,15,483,0
2,4,4,16,15,520,0
2,4,4,16,15,565,0
2,4,4,16,15,599,0
2,4,4,16,15,642,0
0,4,4,16,15,727,0
0,4,4,16,15,773,0
0,4,4,16,15,807,0
0,4,4,16,15,850,0
0,4,4,16,15,883,0
0,4,4,16,15,920,0
0,4,4,16,14,772,0
0,4,4,16,14,813,0
0,4,4,16,14,866,0
0,4,4,16,14,907,0
0,4,4,16,14,946,0
0,4,4,16,13,812,0
0,4,4,16,13,860,0
0,4,4,16,13,907,0
0,4,4,16,13,955,0
0,4,4,16,13,1001,0
0,4,4,16,12,862,0
0,4,4,16,12,909,0
0,4,4,16,12,958,0
0,4,4,16,12,1006,0
0,4,4,16,11,920,0
0,4,4,16,11,957,0
0,4,4,16,11,996,0
0,4,4,16,10,961,0
0,4,4,16,10,993,0
0,4,4,16,9,988,0
0,5,1,16,4,362,0
0,5,1,16,4,416,0
0,5,1,16,4,459,0
0,5,1,16,4,501,0
0,5,1,16,4,558,0
0,5,1,16,5,406,0
0,5,1,16,5,461,0
0,5,1,16,5,503,0
0,5,1,16,5,546,0
0,5,1,16,5,602,0
0,5,1,16,6,471,0
0,5,1,16,6,512,0
0,5,1,16,6,552,0
0,5,1,16,6,592,0
0,5,1,16,6,638,0
0,5,1,16,7,505,0
0,5,1,16,7,551,0
0,5,1,16,7,585,0
0,5,1,16,7,644,0
0,5,1,16,7,689,0
0,5,1,16,8,549,0
0,5,1,16,8,592,0
0,5,1,16,8,638,0
0,5,1,16,8,688,0
0,5,1,16,8,733,0
0,5,1,16,9,596,0
0,5,1,16,9,646,0
0,5,1,16,9,685,0
0,5,1,16,9,733,0
0,5,1,16,9,777,0
0,5,1,16,10,676,0
0,5,1,16,10,725,0
0,5,1,16,10,771,0
0,5,1,16,10,813,0
2,5,1,16,3,683,0
2,5,1,16,3,734,0
2,5,1,16,3,776,0
2,5,1,16,3,820,0
2,5,1,16,3,864,0
2,5,1,16,4,726,0
2,5,1,16,4,767,0
2,5,1,16,4,821,0
2,5,1,16,4,864,0
2,5,1,16,4,910,0
2,5,1,16,5,770,0
2,5,1,16,5,817,0
2,5,1,16,5,859,0
2,5,1,16,5,903,0
2,5,1,16,5,947,0
2,5,1,16,6,819,0
2,5,1,16,6,876,0
2,5,1,16,6,921,0
2,5,1,16,6,960,0
2,5,1,16,6,998,0
2,5,1,16,7,871,0
2,5,1,16,7,907,0
2,5,1,16,7,957,0
2,5,1,16,7,989,0
2,5,1,16,8,905,0
2,5,1,16,8,958,0
2,5,1,16,8,1007,0
2,5,1,16,9,953,0
2,5,1,16,9,999,0
2,5,1,16,10,995,0
2,5,1,16,14,275,0
2,5,1,16,14,330,0
2,5,1,16,14,360,0
2,5,1,16,14,415,0
2,5,1,16,14,456,0
2,5,1,16,13,322,0
2,5,1,16,13,359,0
2,5,1,16,13,398,0
2,5,1,16,13,450,0
2,5,1,16,13,497,0
2,5,1,16,12,413,0
2,5,1,16,12,505,0
2,5,1,16,12,550,0
2,5,1,16,11,422,0
2,5,1,16,11,471,0
2,5,1,16,11,517,0
2,5,1,16,11,558,0
2,5,1,16,11,593,0
2,5,1,16,10,464,0
2,5,1,16,10,503,0
2,5,1,16,10,554,0
2,5,1,16,10,599,0
2,5,1,16,10,644,0
2,5,1,16,9,515,0
2,5,1,16,9,549,0
2,5,1,16,13,278,0
2,5,1,16,12,332,0
2,5,1,16,12,376,0
2,5,1,16,11,374,0
2,5,1,16,10,418,0
2,5,1,16,9,459,0
2,5,1,16,8,508,0
1,5,1,16,12,455,0
0,5,1,16,3,1003,0
0,5,1,16,2,967,0
0,5,1,16,1,919,0
0,4,4,16,16,876,0
0,4,4,16,16,951,0
0,5,1,16,1,994,0
2,5,1,16,12,995,0
2,5,1,16,12,961,0
2,5,1,16,12,911,0
2,5,1,16,12,858,0
2,5,1,16,12,820,0
2,5,1,16,13,777,0
2,5,1,16,13,818,0
2,5,1,16,13,865,0
2,5,1,16,13,903,0
2,5,1,16,13,955,0
2,5,1,16,14,723,0
2,5,1,16,14,775,0
2,5,1,16,14,815,0
2,5,1,16,14,865,0
2,5,1,16,14,912,0
2,5,1,16,15,684,0
2,5,1,16,15,731,0
2,5,1,16,15,770,0
2,5,1,16,15,816,0
2,5,1,16,15,869,0
2,5,1,16,16,689,0
2,5,1,16,16,729,0
2,5,1,16,16,774,0
2,5,1,16,16,826,0
0,5,1,16,15,505,0
0,5,1,16,14,546,0
0,5,1,16,13,594,0
0,5,1,16,12,638,0
0,5,1,16,11,674,0
0,5,1,16,11,729,0
0,5,1,16,12,685,0
0,5,1,16,13,638,0
0,5,1,16,14,598,0
0,5,1,16,15,560,0
0,5,1,16,15,625,0
0,5,1,16,13,693,0
0,5,1,16,12,736,0
0,5,1,16,11,778,0
0,5,1,16,11,826,0
0,5,1,16,12,779,0
0,5,1,16,13,730,0
0,5,1,16,14,693,0
0,5,1,16,14,646,0
2,5,1,16,15,454,0
2,5,1,16,15,417,0
2,5,1,16,15,370,0
2,5,1,16,15,325,0
2,5,1,16,15,278,0
2,5,1,16,16,279,0
2,5,1,16,16,323,0
2,5,1,16,16,369,0
2,5,1,16,16,406,0
2,5,1,16,16,457,0
2,5,2,16,4,324,0
2,5,2,16,4,370,0
2,5,2,16,4,414,0
2,5,2,16,4,458,0
2,5,2,16,4,505,0
2,5,2,16,4,548,0
2,5,2,16,5,369,0
2,5,2,16,5,413,0
2,5,2,16,5,451,0
2,5,2,16,5,494,0
2,5,2,16,5,542,0
2,5,2,16,5,595,0
2,5,2,16,6,412,0
2,5,2,16,6,465,0
2,5,2,16,6,500,0
2,5,2,16,6,537,0
2,5,2,16,6,591,0
2,5,2,16,6,645,0
2,5,2,16,7,461,0
2,5,2,16,7,508,0
2,5,2,16,7,556,0
2,5,2,16,7,594,0
2,5,2,16,7,648,0
2,5,2,16,7,687,0
2,5,2,16,8,512,0
2,5,2,16,8,553,0
2,5,2,16,8,603,0
2,5,2,16,8,652,0
2,5,2,16,8,697,0
2,5,2,16,8,748,0
2,5,2,16,9,554,0
2,5,2,16,9,595,0
2,5,2,16,9,637,0
2,5,2,16,9,677,0
2,5,2,16,9,722,0
2,5,2,16,9,777,0
2,5,2,16,10,601,0
2,5,2,16,10,645,0
2,5,2,16,10,686,0
2,5,2,16,10,730,0
2,5,2,16,10,777,0
2,5,2,16,10,819,0
2,5,2,16,11,639,0
2,5,2,16,11,678,0
2,5,2,16,11,728,0
2,5,2,16,11,774,0
2,5,2,16,11,819,0
2,5,2,16,11,870,0
2,5,2,16,12,694,0
2,5,2,16,12,725,0
2,5,2,16,12,774,0
2,5,2,16,12,809,0
2,5,2,16,12,855,0
2,5,2,16,12,903,0
2,5,2,16,4,724,0
2,5,2,16,3,677,0
2,5,2,16,2,635,0
2,5,2,16,1,595,0
2,5,2,16,1,645,0
2,5,2,16,1,687,0
2,5,2,16,2,684,0
2,5,2,16,2,742,0
2,5,2,16,3,728,0
2,5,2,16,3,777,0
2,5,2,16,4,775,0
2,5,2,16,4,823,0
0,5,2,16,14,908,5
0,5,3,16,2,818,5
0,5,3,16,4,911,5
0,5,3,16,2,997,5
0,5,3,16,2,911,5
2,5,2,16,14,736,0
2,5,2,16,14,686,0
2,5,2,16,14,643,0
2,5,2,16,15,649,0
2,5,2,16,15,687,0
2,5,2,16,16,551,0
2,5,2,16,16,596,0
2,5,2,16,15,608,0
2,5,2,16,16,637,0
2,5,3,16,1,493,0
2,5,3,16,1,547,0
2,5,3,16,1,583,0
2,5,3,16,2,457,0
2,5,3,16,2,509,0
2,5,3,16,2,554,0
2,5,3,16,3,416,0
2,5,3,16,3,461,0
2,5,3,16,3,499,0
2,5,3,16,4,372,0
2,5,3,16,4,412,0
2,5,3,16,4,452,0
2,5,3,16,6,509,0
2,5,3,16,6,554,0
2,5,3,16,6,594,0
2,5,3,16,7,547,0
2,5,3,16,7,589,0
2,5,3,16,7,638,0
2,5,3,16,8,592,0
2,5,3,16,8,645,0
2,5,3,16,8,679,0
2,5,3,16,9,642,0
2,5,3,16,9,679,0
2,5,3,16,9,731,0
2,5,3,16,10,684,0
2,5,3,16,10,725,0
2,5,3,16,10,775,0
2,5,3,16,11,733,0
2,5,3,16,11,779,0
2,5,3,16,11,823,0
2,5,3,16,12,777,0
2,5,3,16,12,872,0
0,5,3,16,6,857,15
0,5,3,16,6,772,15
0,5,3,16,8,818,15
0,5,3,16,4,822,15
0,5,3,16,4,637,5
0,5,3,16,4,730,5
0,5,3,16,5,687,5
0,5,3,16,2,688,5
2,5,3,16,6,451,0
2,5,3,16,7,506,0
2,5,3,16,8,542,0
2,5,3,16,9,586,0
2,5,3,16,10,631,0
2,5,3,16,11,677,0
2,5,3,16,12,726,0
1,5,3,16,12,815,0
0,5,3,16,15,510,10
0,5,4,16,1,454,10
0,5,3,16,12,454,10
0,5,3,16,15,416,10
0,5,3,16,12,325,-35
2,5,3,16,15,671,0
2,5,3,16,15,724,0
2,5,3,16,15,773,0
2,5,3,16,15,813,0
2,5,3,16,16,688,0
2,5,3,16,16,732,0
2,5,3,16,16,766,0
2,5,3,16,16,818,0
2,5,3,16,16,859,0
2,5,4,16,1,725,0
2,5,4,16,1,775,0
2,5,4,16,1,812,0
2,5,4,16,1,861,0
2,5,4,16,1,905,0
2,5,4,16,2,773,0
2,5,4,16,2,815,0
2,5,4,16,2,868,0
2,5,4,16,2,905,0
2,5,4,16,2,943,0
2,5,4,16,3,817,0
2,5,4,16,3,864,0
2,5,4,16,3,911,0
2,5,4,16,3,950,0
2,5,4,16,3,1001,0
2,5,4,16,4,865,0
2,5,4,16,4,907,0
2,5,4,16,4,952,0
2,5,4,16,4,1000,0
2,5,4,16,5,914,0
2,5,4,16,5,956,0
2,5,4,16,5,1005,0
2,5,4,16,6,953,0
2,5,4,16,6,1003,0
2,5,4,16,7,1002,0
2,5,4,16,3,595,0
2,5,4,16,3,555,0
2,5,4,16,3,499,0
2,5,4,16,3,461,0
2,5,4,16,3,412,0
2,5,4,16,4,463,0
2,5,4,16,4,512,0
2,5,4,16,4,558,0
2,5,4,16,4,604,0
2,5,4,16,4,638,0
2,5,4,16,5,499,0
2,5,4,16,5,553,0
2,5,4,16,5,598,0
2,5,4,16,5,644,0
2,5,4,16,5,681,0
2,5,4,16,6,555,0
2,5,4,16,6,598,0
2,5,4,16,6,639,0
2,5,4,16,6,682,0
2,5,4,16,6,725,0
2,5,4,16,7,608,0
2,5,4,16,7,640,0
2,5,4,16,7,694,0
2,5,4,16,7,729,0
2,5,4,16,7,774,0
2,5,4,16,8,647,0
2,5,4,16,8,679,0
2,5,4,16,8,731,0
2,5,4,16,8,774,0
2,5,4,16,8,813,0
2,5,4,16,9,782,0
2,5,4,16,9,821,0
2,5,4,16,9,865,0
2,5,4,16,9,736,0
2,5,4,16,9,677,0
0,5,4,16,5,279,0
0,5,4,16,5,318,0
0,5,4,16,5,352,0
0,5,4,16,6,319,0
0,5,4,16,6,360,0
0,5,4,16,6,415,0
0,5,4,16,7,370,0
0,5,4,16,7,408,0
0,5,4,16,7,450,0
0,5,4,16,8,423,0
0,5,4,16,8,467,0
0,5,4,16,8,500,0
0,5,4,16,9,461,0
0,5,4,16,9,501,0
0,5,4,16,9,547,0
0,5,4,16,10,501,0
0,5,4,16,10,551,0
0,5,4,16,10,602,0
0,5,4,16,11,553,0
0,5,4,16,11,607,0
0,5,4,16,11,637,0
2,5,4,16,14,1000,0
2,5,4,16,14,959,0
2,5,4,16,14,923,0
2,5,4,16,14,887,0
2,5,4,16,10,727,0
2,5,4,16,10,781,0
2,5,4,16,10,828,0
2,5,4,16,10,871,0
2,5,4,16,10,915,0
2,5,4,16,11,772,0
2,5,4,16,11,819,0
2,5,4,16,11,869,0
2,5,4,16,11,915,0
2,5,4,16,11,952,0
2,5,4,16,14,856,0
2,5,4,16,15,816,0
2,5,4,16,15,866,0
2,5,4,16,15,909,0
2,5,4,16,15,950,0
2,5,4,16,15,782,0
2,5,4,16,16,735,0
2,5,4,16,16,779,0
2,5,4,16,16,816,0
2,5,4,16,16,869,0
2,5,4,16,16,905,0
2,6,1,16,1,687,0
2,6,1,16,1,734,0
2,6,1,16,1,772,0
2,6,1,16,1,813,0
2,6,1,16,1,853,0
2,6,1,16,2,645,0
2,6,1,16,2,689,0
2,6,1,16,2,729,0
2,6,1,16,2,779,0
2,6,1,16,2,816,0
0,6,1,16,2,329,-10
0,6,1,16,2,370,-10
0,6,1,16,2,408,-10
0,6,1,16,2,452,-10
0,6,1,16,2,495,-10
0,6,1,16,1,374,-10
0,6,1,16,1,417,-10
0,6,1,16,1,456,-10
0,6,1,16,1,493,-10
0,6,1,16,1,537,-10
0,5,4,16,16,417,-10
0,5,4,16,16,460,-10
0,5,4,16,16,495,-10
0,5,4,16,16,540,-10
0,5,4,16,16,576,-10
0,5,4,16,15,461,-10
0,5,4,16,15,499,-10
0,5,4,16,15,547,-10
0,5,4,16,15,594,-10
0,5,4,16,15,640,-10
0,5,4,16,14,504,-10
0,5,4,16,14,556,-10
0,5,4,16,14,597,-10
0,5,4,16,14,632,-10
0,5,4,16,14,668,-10
2,6,1,16,5,324,0
2,6,1,16,5,377,0
2,6,1,16,5,415,0
2,6,1,16,5,452,0
2,6,1,16,5,509,0
2,6,1,16,6,285,0
2,6,1,16,6,331,0
2,6,1,16,6,375,0
2,6,1,16,6,424,0
2,6,1,16,6,465,0
2,6,1,16,7,284,0
2,6,1,16,7,327,0
2,6,1,16,7,368,0
2,6,1,16,7,417,0
2,6,1,16,8,288,0
2,6,1,16,8,329,0
2,6,1,16,8,371,0
2,6,1,16,9,285,0
2,6,1,16,9,321,0
2,6,1,16,10,282,0
0,6,1,16,6,639,0
0,6,1,16,6,687,0
0,6,1,16,6,733,0
0,6,1,16,6,773,0
0,6,1,16,6,820,0
0,6,1,16,7,598,0
0,6,1,16,7,645,0
0,6,1,16,7,688,0
0,6,1,16,7,729,0
0,6,1,16,7,781,0
0,6,1,16,8,539,0
0,6,1,16,8,605,0
0,6,1,16,8,650,0
0,6,1,16,8,685,0
0,6,1,16,8,737,0
0,6,1,16,9,505,0
0,6,1,16,9,546,0
0,6,1,16,9,593,0
0,6,1,16,9,650,0
0,6,1,16,9,687,0
0,6,1,16,10,461,0
0,6,1,16,10,507,0
0,6,1,16,10,541,0
0,6,1,16,10,602,0
0,6,1,16,10,644,0
0,6,1,16,11,414,0
0,6,1,16,11,467,0
0,6,1,16,11,506,0
0,6,1,16,11,544,0
0,6,1,16,11,589,0
0,6,1,16,12,374,0
0,6,1,16,12,422,0
0,6,1,16,12,467,0
0,6,1,16,12,509,0
0,6,1,16,12,540,0
1,6,1,16,13,281,0
2,6,1,16,6,914,0
2,6,1,16,6,968,0
2,6,1,16,6,1009,0
2,6,1,16,7,860,0
2,6,1,16,7,907,0
2,6,1,16,7,960,0
2,6,1,16,8,812,0
2,6,1,16,8,865,0
2,6,1,16,8,921,0
2,6,1,16,9,769,0
2,6,1,16,9,822,0
2,6,1,16,9,864,0
2,6,1,16,10,726,0
2,6,1,16,10,771,0
2,6,1,16,10,819,0
2,6,1,16,11,688,0
2,6,1,16,11,728,0
2,6,1,16,11,777,0
2,6,1,16,12,640,0
2,6,1,16,12,683,0
2,6,1,16,12,733,0
2,6,1,16,13,600,0
2,6,1,16,13,641,0
2,6,1,16,13,687,0
2,6,1,16,14,559,0
2,6,1,16,14,591,0
2,6,1,16,14,642,0
0,6,1,16,16,738,0
0,6,1,16,15,773,0
0,6,1,16,14,822,0
0,6,1,16,13,864,0
0,6,1,16,12,910,0
0,6,1,16,11,957,0
0,6,1,16,10,998,0
0,6,1,16,16,818,0
0,6,1,16,15,867,0
0,6,1,16,14,913,0
0,6,1,16,13,948,0
0,6,1,16,12,1000,0
0,6,1,16,16,918,0
0,6,1,16,15,957,0
0,6,1,16,14,995,0
0,6,1,16,16,998,0
0,6,1,16,9,91,0
2,6,1,16,14,689,0
2,6,1,16,13,736,0
2,6,1,16,12,781,0
2,6,1,16,11,822,0
2,6,1,16,10,871,0
2,6,1,16,9,917,0
2,6,1,16,8,961,0
2,6,1,16,7,1003,0
2,6,2,16,2,326,0
2,6,2,16,2,366,0
2,6,2,16,2,412,0
2,6,2,16,2,452,0
2,6,2,16,2,502,0
2,6,2,16,3,368,0
2,6,2,16,3,417,0
2,6,2,16,3,455,0
2,6,2,16,3,500,0
2,6,2,16,3,549,0
2,6,2,16,4,404,0
2,6,2,16,4,464,0
2,6,2,16,4,513,0
2,6,2,16,4,555,0
2,6,2,16,4,602,0
2,6,2,16,5,462,0
2,6,2,16,5,497,0
2,6,2,16,5,551,0
2,6,2,16,5,601,0
2,6,2,16,5,648,0
2,6,2,16,6,506,0
2,6,2,16,6,544,0
2,6,2,16,6,588,0
2,6,2,16,6,635,0
2,6,2,16,6,674,0
2,6,2,16,7,561,0
2,6,2,16,7,594,0
2,6,2,16,7,651,0
2,6,2,16,7,695,0
2,6,2,16,7,742,0
2,6,2,16,8,603,0
2,6,2,16,8,641,0
2,6,2,16,8,687,0
2,6,2,16,8,728,0
2,6,2,16,8,786,0
2,6,2,16,9,643,0
2,6,2,16,9,679,0
2,6,2,16,9,722,0
2,6,2,16,9,767,0
2,6,2,16,9,807,0
0,6,2,16,3,285,0
0,6,2,16,4,282,0
0,6,2,16,4,342,0
0,6,2,16,5,279,0
0,6,2,16,5,329,0
0,6,2,16,5,378,0
0,6,2,16,6,276,0
0,6,2,16,6,327,0
0,6,2,16,6,369,0
0,6,2,16,6,417,0
0,6,2,16,7,291,0
0,6,2,16,7,326,0
0,6,2,16,7,369,0
0,6,2,16,7,408,0
0,6,2,16,7,460,0
0,6,2,16,8,292,0
0,6,2,16,8,334,0
0,6,2,16,8,374,0
0,6,2,16,8,410,0
0,6,2,16,8,447,0
0,6,2,16,8,488,0
2,6,2,16,2,595,0
2,6,2,16,2,645,0
2,6,2,16,2,554,0
2,6,2,16,3,595,0
2,6,2,16,3,651,0
2,6,2,16,3,687,0
2,6,2,16,4,652,0
2,6,2,16,4,688,0
2,6,2,16,4,730,0
2,6,2,16,5,690,0
2,6,2,16,5,721,0
2,6,2,16,5,777,0
2,6,2,16,6,735,0
2,6,2,16,6,782,0
2,6,2,16,6,813,0
2,6,2,16,7,787,0
2,6,2,16,7,820,0
2,6,2,16,7,859,0
2,6,2,16,8,815,0
2,6,2,16,8,860,0
2,6,2,16,8,906,0
2,6,2,16,9,859,0
2,6,2,16,9,903,0
2,6,2,16,9,944,0
0,6,2,16,2,773,0
0,6,2,16,2,826,0
0,6,2,16,2,870,0
0,6,2,16,2,908,0
0,6,2,16,2,954,0
0,6,2,16,2,991,0
0,6,2,16,3,825,0
0,6,2,16,3,862,0
0,6,2,16,3,918,0
0,6,2,16,3,965,0
0,6,2,16,3,1002,0
0,6,2,16,4,867,0
0,6,2,16,4,901,0
0,6,2,16,4,950,0
0,6,2,16,4,986,0
0,6,2,16,5,901,0
0,6,2,16,5,950,0
0,6,2,16,5,981,0
0,6,2,16,6,955,0
0,6,2,16,6,994,0
0,6,2,16,7,995,0
2,3,2,16,7,460,0
0,4,4,16,7,640,0
0,4,4,16,7,684,0
0,4,4,16,7,723,0
0,4,4,16,7,776,0
2,4,4,16,12,464,0
2,4,4,16,13,465,0
2,4,4,16,13,504,0
2,4,4,16,13,549,0
2,4,4,16,2,552,0
2,4,4,16,2,457,0
2,4,4,16,2,511,0
2,6,2,16,12,281,-15
2,6,2,16,12,319,-15
2,6,2,16,12,360,-15
2,6,2,16,12,407,-15
2,6,2,16,12,448,-15
2,6,2,16,12,503,-15
2,6,2,16,12,552,-15
2,6,2,16,12,602,-15
0,6,2,16,15,800,10
0,6,2,16,15,841,10
0,6,2,16,15,892,10
0,6,2,16,15,925,10
0,6,2,16,15,963,10
0,6,2,16,15,1000,10
2,6,3,16,14,285,0
2,6,3,16,14,329,0
2,6,3,16,14,369,0
2,6,3,16,14,414,0
2,6,3,16,14,457,0
2,6,3,16,14,505,0
2,6,3,16,14,535,0
2,6,3,16,14,593,0
2,6,3,16,13,329,0
2,6,3,16,13,373,0
2,6,3,16,13,416,0
2,6,3,16,13,458,0
2,6,3,16,13,497,0
2,6,3,16,13,534,0
2,6,3,16,13,563,0
2,6,3,16,12,367,0
2,6,3,16,12,413,0
2,6,3,16,12,459,0
2,6,3,16,12,505,0
2,6,3,16,11,419,0
2,6,3,16,11,454,0
2,6,3,16,11,490,0
2,6,3,16,12,537,0
2,6,3,16,11,529,0
2,6,3,16,10,508,0
2,6,3,16,9,484,0
2,6,3,16,12,323,0
2,6,3,16,11,365,0
2,6,3,16,13,287,0
2,6,3,16,10,400,0
2,6,3,16,9,432,0
2,6,3,16,10,461,0
2,6,3,16,8,458,0
0,6,3,16,10,700,0
0,6,3,16,10,742,0
0,6,3,16,10,784,0
0,6,3,16,10,823,0
0,6,3,16,10,869,0
0,6,3,16,10,912,0
0,6,3,16,10,941,0
0,6,3,16,10,975,0
0,6,3,16,9,740,0
0,6,3,16,9,775,0
0,6,3,16,9,818,0
0,6,3,16,9,871,0
0,6,3,16,9,917,0
0,6,3,16,9,952,0
0,6,3,16,8,926,0
0,6,3,16,8,873,0
0,6,3,16,8,831,0
0,6,3,16,8,787,0
0,6,3,16,7,816,0
0,6,3,16,7,870,0
0,6,3,16,7,902,0
0,6,3,16,6,850,0
0,6,3,16,6,885,0
0,6,3,16,5,869,0
0,6,3,16,3,291,0
0,6,3,16,3,333,0
0,6,3,16,3,379,0
0,6,3,16,3,424,0
0,6,3,16,2,331,0
0,6,3,16,2,370,0
0,6,3,16,2,412,0
0,6,3,16,1,359,0
0,6,3,16,1,400,0
0,6,2,16,16,373,0
0,6,3,16,3,460,0
2,6,3,16,5,597,0
2,6,3,16,5,652,0
2,6,3,16,5,693,0
2,6,3,16,5,743,0
2,6,3,16,4,645,0
2,6,3,16,4,683,0
2,6,3,16,4,717,0
2,6,3,16,3,675,0
2,6,3,16,3,705,0
2,6,3,16,2,691,0
2,6,4,16,9,468,0
2,6,4,16,9,509,0
2,6,4,16,9,554,0
2,6,4,16,9,599,0
2,6,4,16,9,638,0
2,6,4,16,8,508,0
2,6,4,16,8,550,0
2,6,4,16,8,591,0
2,6,4,16,8,625,0
2,6,4,16,8,686,0
2,6,4,16,8,731,0
2,6,4,16,7,556,0
2,6,4,16,7,606,0
2,6,4,16,7,642,0
2,6,4,16,7,692,0
2,6,4,16,7,725,0
2,6,4,16,7,769,0
2,6,4,16,6,607,0
2,6,4,16,6,657,0
2,6,4,16,6,703,0
2,6,4,16,6,739,0
2,6,4,16,6,789,0
2,6,4,16,6,827,0
2,6,4,16,5,683,0
2,6,4,16,5,729,0
2,6,4,16,5,770,0
2,6,4,16,5,820,0
2,6,4,16,5,864,0
2,6,4,16,5,899,0
2,6,4,16,4,738,0
2,6,4,16,4,777,0
2,6,4,16,4,823,0
2,6,4,16,4,869,0
2,6,4,16,4,907,0
2,6,4,16,4,957,0
0,5,2,16,14,327,-5
0,5,2,16,14,413,-5
0,5,2,16,15,368,-5
0,5,2,16,12,363,-5
0,5,2,16,6,826,0
0,5,2,16,6,871,0
0,5,2,16,6,908,0
0,5,2,16,6,960,0
0,5,2,16,6,1002,0
0,5,2,16,7,869,0
0,5,2,16,7,917,0
0,5,2,16,7,958,0
0,5,2,16,7,988,0
0,5,2,16,8,911,0
0,5,2,16,8,955,0
0,5,2,16,8,989,0
0,5,2,16,9,990,0
0,5,2,16,9,958,0
0,5,2,16,10,994,0
1,5,2,16,12,459,0
2,5,3,16,10,315,0
2,5,3,16,10,367,0
2,5,3,16,10,417,0
2,5,3,16,10,460,0
2,5,3,16,9,369,0
2,5,3,16,9,413,0
2,5,3,16,9,468,0
2,5,3,16,8,413,0
2,5,3,16,8,468,0
2,5,3,16,7,460,0
2,5,3,16,7,429,0
2,6,2,16,15,645,10
2,6,2,16,15,689,10
2,6,2,16,15,722,10
2,6,2,16,15,767,10
2,6,4,16,8,458,0
2,6,4,16,8,412,0
2,6,4,16,7,329,0
2,6,4,16,7,372,0
2,6,4,16,7,416,0
2,6,4,16,6,280,0
2,6,4,16,6,331,0
2,6,4,16,6,371,0
2,6,4,16,6,408,0
2,6,4,16,5,286,0
2,6,4,16,5,339,0
2,6,4,16,5,378,0
2,6,4,16,5,420,0
2,6,4,16,4,283,0
2,6,4,16,4,316,0
2,6,4,16,4,369,0
2,6,4,16,4,418,0
2,6,4,16,8,365,0
2,6,4,16,9,413,0
2,6,4,16,3,283,0
2,6,4,16,3,318,0
2,6,4,16,3,366,0
2,6,4,16,3,420,0
2,6,4,16,2,419,0
2,6,4,16,2,375,0
2,6,4,16,2,325,0
2,6,4,16,2,294,0
0,6,4,16,12,281,0
0,6,4,16,12,331,0
0,6,4,16,12,366,0
0,6,4,16,12,408,0
0,6,4,16,12,457,0
0,6,4,16,11,291,0
0,6,4,16,11,337,0
0,6,4,16,11,379,0
0,6,4,16,11,417,0
0,6,4,16,10,297,0
0,6,4,16,10,327,0
0,6,4,16,10,373,0
0,6,4,16,9,330,0
0,6,4,16,8,285,0
0,6,4,16,9,285,0
0,6,4,16,6,467,0
0,6,4,16,6,515,0
0,6,4,16,6,557,0
0,6,4,16,5,470,0
0,6,4,16,5,510,0
0,6,4,16,5,554,0
0,6,4,16,5,597,0
2,6,4,16,7,455,0
2,6,4,16,7,506,0
0,6,4,16,4,462,0
0,6,4,16,4,507,0
0,6,4,16,4,558,0
0,6,4,16,4,596,0
0,6,4,16,4,634,0
0,6,4,16,5,635,0
0,6,4,16,4,683,0
0,6,4,16,3,452,0
0,6,4,16,3,510,0
0,6,4,16,3,558,0
0,6,4,16,3,590,0
0,6,4,16,3,645,0
0,6,4,16,3,697,0
0,6,4,16,3,744,0
2,6,4,16,3,792,0
2,6,4,16,3,827,0
2,6,4,16,3,869,0
2,6,4,16,3,913,0
2,6,4,16,3,957,0
2,6,4,16,3,998,0
2,6,4,16,12,510,0
2,6,4,16,12,559,0
2,6,4,16,12,614,0
2,6,4,16,12,657,0
2,6,4,16,12,691,0
2,6,4,16,13,550,0
2,6,4,16,13,594,0
2,6,4,16,13,640,0
2,6,4,16,13,698,0
2,6,4,16,13,734,0
2,6,4,16,14,605,0
2,6,4,16,14,645,0
2,6,4,16,14,690,0
2,6,4,16,14,739,0
2,6,4,16,14,780,0
2,6,4,16,15,686,0
2,6,4,16,15,732,0
2,6,4,16,15,782,0
2,6,4,16,15,819,0
0,6,4,16,16,286,0
0,6,4,16,16,332,0
0,6,4,16,16,369,0
0,6,4,16,16,414,0
0,6,4,16,16,455,0
0,6,4,16,16,501,0
0,6,4,16,16,560,0
0,6,4,16,15,537,0
0,6,4,16,15,494,0
0,6,4,16,15,459,0
0,6,4,16,15,413,0
0,6,4,16,15,375,0
0,6,4,16,15,335,0
0,6,4,16,15,298,0
0,6,4,16,14,288,0
0,6,4,16,14,322,0
0,6,4,16,14,359,0
0,6,4,16,14,401,0
0,6,4,16,14,457,0
0,6,4,16,14,496,0
0,6,4,16,13,470,0
0,6,4,16,13,435,0
0,6,4,16,13,380,0
0,6,4,16,13,279,0
0,6,4,16,13,326,0
2,6,4,16,12,737,0
2,6,4,16,13,772,0
2,6,4,16,14,818,0
2,6,4,16,15,860,0
2,6,4,16,12,779,0
2,6,4,16,13,818,0
2,6,4,16,14,863,0
2,6,4,16,15,904,0
1,6,4,16,16,814,0
0,6,4,16,14,998,0
0,6,4,16,13,1002,0
0,6,4,16,12,998,0
0,6,4,16,11,998,0
0,6,4,16,10,1000,0
0,6,4,16,9,998,0
0,6,4,16,8,991,0
0,6,4,16,7,998,0
0,6,4,16,6,998,0
0,6,4,16,7,956,0
0,6,4,16,8,957,0
0,6,4,16,9,953,0
0,6,4,16,10,950,0
0,6,4,16,11,955,0
0,6,4,16,12,954,0
0,6,4,16,13,959,0
0,6,4,16,12,907,0
0,6,4,16,11,908,0
0,6,4,16,10,910,0
0,6,4,16,9,911,0
0,6,4,16,8,911,0
0,6,4,16,9,865,0
0,6,4,16,10,865,0
0,6,4,16,11,865,0
0,6,4,16,10,820,0
0,7,1,16,7,729,0
0,7,1,16,9,895,0
0,7,1,16,11,730,0
0,7,1,16,2,864,0
0,7,1,16,2,996,0
2,7,1,16,2,459,0
2,7,1,16,6,549,0
2,7,1,16,8,417,0
2,7,1,16,11,551,0
0,7,1,16,13,996,0
0,7,1,16,12,1000,0
0,7,1,16,11,996,0
0,7,1,16,10,1002,0
0,7,1,16,9,995,0
0,7,1,16,8,1001,0
0,7,1,16,7,997,0
0,7,1,16,6,999,0
0,7,1,16,13,279,0
0,7,1,16,12,275,0
0,7,1,16,11,278,0
0,7,1,16,10,282,0
0,7,1,16,9,276,0
0,7,1,16,8,275,0
0,7,1,16,7,274,0
0,7,1,16,6,274,0
0,7,1,16,5,271,0
0,7,1,16,4,281,0
0,7,1,16,5,998,0
2,7,1,16,4,681,0
2,7,1,16,3,683,0
2,7,1,16,3,653,0
2,7,1,16,3,726,0
2,7,1,16,3,766,0
2,7,1,16,3,621,0
2,7,1,16,2,682,0
2,7,1,16,1,645,0
2,7,1,16,1,723,0
0,7,1,16,15,728,0
0,7,2,16,3,873,0
0,7,2,16,2,819,0
0,7,2,16,2,906,0
2,7,1,16,14,550,0
1,7,2,16,3,450,0
2,7,2,16,5,595,0
0,7,2,16,7,371,10
0,7,2,16,9,456,10
0,7,2,16,12,461,10
0,7,2,16,14,654,10
2,7,2,16,16,818,0
2,7,2,16,15,818,0
2,7,2,16,14,817,0
2,7,2,16,13,817,0
2,7,2,16,12,814,0
2,7,2,16,11,822,0
2,7,2,16,10,823,0
0,7,2,16,9,816,0
0,7,2,16,8,817,0
0,7,2,16,7,817,0
2,7,2,16,5,727,0
2,7,2,16,8,998,0
2,7,2,16,9,999,0
2,7,2,16,10,997,0
2,7,2,16,11,1000,0
2,7,2,16,12,996,0
2,7,2,16,13,995,0
2,7,2,16,14,997,0
2,7,2,16,15,997,0
2,7,2,16,16,997,0
0,7,2,16,16,279,0
0,7,2,16,15,276,0
0,7,2,16,14,276,0
0,7,2,16,13,276,0
0,7,2,16,12,276,0
0,7,2,16,11,278,0
0,7,2,16,10,281,0
0,7,2,16,9,281,0
0,7,2,16,8,283,0
0,7,2,16,7,280,0
0,7,3,16,3,420,0
0,7,3,16,8,545,0
0,7,3,16,13,542,0
0,7,3,16,15,680,0
0,7,3,16,16,553,0
0,7,3,16,14,559,0
0,7,3,16,13,775,0
0,7,3,16,10,734,0
0,7,3,16,10,877,0
0,7,3,16,14,898,0
0,7,3,16,15,953,0
0,7,3,16,6,951,0
2,7,3,16,2,994,0
2,7,3,16,3,822,0
2,7,3,16,5,730,0
2,7,3,16,6,643,0
2,7,3,16,7,459,0
2,7,3,16,16,276,0
2,7,3,16,15,277,0
2,7,3,16,14,278,0
2,7,3,16,13,275,0
2,7,3,16,12,278,0
2,7,3,16,11,280,0
2,7,3,16,10,276,0
0,7,3,16,16,457,0
0,7,3,16,15,457,0
0,7,3,16,14,456,0
0,7,3,16,13,457,0
0,7,3,16,12,459,0
0,7,3,16,11,456,0
0,7,3,16,10,463,0
0,7,4,16,14,769,0
0,7,4,16,12,771,0
0,7,4,16,12,456,0
0,7,4,16,14,502,0
0,7,4,16,6,950,0
0,7,4,16,2,919,0
0,7,4,16,1,775,0
0,7,4,16,3,812,0
0,7,4,16,5,640,0
0,7,4,16,4,549,0
0,7,4,16,2,497,0
0,7,4,16,16,277,0
0,7,4,16,15,277,0
0,7,4,16,14,278,0
0,7,4,16,13,273,0
0,7,4,16,12,278,0
0,7,4,16,11,283,0
0,7,4,16,10,278,0
0,7,4,16,9,279,0
0,7,4,16,8,280,0
2,7,4,16,8,460,0
2,7,4,16,8,599,0
2,7,4,16,9,771,0
2,7,4,16,7,816,0
2,7,4,16,14,997,0
2,7,4,16,13,998,0
2,7,4,16,12,1001,0
2,7,4,16,11,1001,0
2,7,4,16,10,996,0
2,7,4,16,9,1002,0
2,7,4,16,8,1000,0
0,8,1,16,2,323,0
0,8,1,16,5,413,0
0,8,1,16,8,460,0
0,8,1,16,3,558,0
0,8,1,16,8,322,0
0,8,1,16,13,324,0
0,8,1,16,15,370,0
0,8,1,16,15,559,0
0,8,1,16,12,548,0
0,8,1,16,7,600,0
0,8,1,16,6,739,0
0,8,1,16,1,598,0
0,8,1,16,4,600,0
0,8,1,16,1,774,0
0,8,1,16,12,865,-10
0,8,1,16,11,907,-10
0,8,1,16,10,951,-10
0,8,1,16,9,993,-10
0,8,1,16,10,864,-10
0,8,1,16,9,911,-10
0,8,1,16,8,948,-10
0,8,1,16,7,1001,-10
2,8,1,16,7,820,0
2,8,1,16,6,822,0
2,8,1,16,5,816,0
2,8,1,16,4,818,0
2,8,1,16,16,911,10
2,8,1,16,15,860,10
2,8,1,16,14,826,10
2,8,1,16,13,783,10
2,8,1,16,12,731,10
1,8,1,16,16,818,0
0,8,2,16,7,779,0
0,8,2,16,7,882,0
0,8,2,16,9,917,0
0,8,2,16,13,945,0
0,8,2,16,6,956,0
0,8,2,16,5,1000,0
0,8,2,16,1,1000,0
0,8,2,16,3,906,0
0,8,2,16,1,864,0
2,8,2,16,1,636,0
2,8,2,16,3,691,0
2,8,2,16,4,821,0
2,8,2,16,7,685,0
0,8,2,16,13,358,0
0,8,2,16,10,282,0
0,8,2,16,13,580,0
0,8,2,16,9,503,0
0,8,2,16,7,316,0
0,8,2,16,7,373,0
0,8,2,16,7,419,0
0,8,2,16,3,278,0
0,8,2,16,2,285,0
0,8,2,16,3,413,0
0,8,2,16,1,368,0
2,8,2,16,3,458,0
2,8,2,16,4,456,0
2,8,2,16,5,459,0
2,8,2,16,6,454,0
2,8,2,16,7,456,0
2,8,2,16,8,456,0
2,8,2,16,9,456,0
2,8,2,16,10,456,0
2,8,2,16,11,461,0
2,8,2,16,5,641,0
2,8,2,16,7,549,0
2,8,2,16,2,556,0
0,8,2,16,15,281,0
0,8,2,16,15,328,0
0,8,2,16,15,375,0
0,8,2,16,15,415,0
0,8,2,16,15,457,20
0,8,2,16,14,461,20
0,8,2,16,15,507,-25
0,8,2,16,14,506,-25
2,8,2,16,16,463,-15
2,8,2,16,16,510,-15
2,8,2,16,16,542,-15
2,8,2,16,16,583,15
2,8,2,16,16,632,15
2,8,2,16,16,676,15
2,8,2,16,11,695,0
2,8,2,16,13,734,0
2,8,2,16,15,820,0
2,8,2,16,14,816,0
2,8,2,16,13,819,0
2,8,2,16,12,821,0
1,8,2,16,16,816,0
0,8,3,16,16,998,15
0,8,3,16,15,999,15
0,8,3,16,14,1002,15
0,8,3,16,13,1002,15
0,8,3,16,12,1002,15
0,8,3,16,11,1001,15
0,8,3,16,10,1000,15
0,8,3,16,9,994,15
0,8,3,16,8,999,15
0,8,3,16,7,997,15
2,8,3,16,4,817,0
2,8,3,16,5,768,0
2,8,3,16,6,722,0
2,8,3,16,7,683,0
2,8,3,16,8,653,0
2,8,3,16,9,597,0
2,8,3,16,10,553,0
2,8,3,16,11,509,0
2,8,3,16,12,457,0
2,8,3,16,10,455,0
2,8,3,16,9,496,0
2,8,3,16,8,537,0
2,8,3,16,7,595,0
2,8,3,16,6,645,0
2,8,3,16,5,689,0
2,8,3,16,4,738,0
2,8,3,16,3,783,0
0,8,3,16,7,455,0
0,8,3,16,6,459,0
0,8,3,16,5,466,0
0,8,3,16,4,461,0
0,8,3,16,3,455,0
0,8,3,16,6,413,0
0,8,3,16,5,411,0
0,8,3,16,4,412,0
0,8,3,16,3,412,0
0,8,3,16,2,411,0
0,8,3,16,5,364,0
0,8,3,16,4,368,0
0,8,3,16,3,366,0
0,8,3,16,2,365,0
0,8,3,16,1,362,0
0,8,3,16,4,323,0
0,8,3,16,3,323,0
0,8,3,16,2,321,0
0,8,3,16,1,318,0
0,8,2,16,16,315,0
0,8,3,16,3,281,0
0,8,3,16,2,278,0
0,8,3,16,1,270,0
0,8,2,16,16,275,0
0,8,3,16,12,685,0
0,8,3,16,13,729,0
0,8,3,16,14,771,0
0,8,3,16,15,813,0
0,8,3,16,16,864,0
0,8,4,16,1,906,0
0,8,4,16,2,956,0
0,8,4,16,3,997,0
0,8,3,16,11,729,0
0,8,3,16,12,773,0
0,8,3,16,13,823,0
0,8,3,16,14,860,0
0,8,3,16,15,912,0
0,8,3,16,16,943,0
2,8,3,16,10,782,0
2,8,3,16,10,825,0
2,8,3,16,11,816,0
2,8,3,16,11,864,0
2,8,3,16,12,823,0
2,8,3,16,12,862,0
2,8,3,16,13,874,0
2,8,3,16,13,911,0
2,8,3,16,14,925,0
2,8,3,16,14,953,0
2,8,3,16,15,963,0
2,8,3,16,13,952,0
2,8,3,16,12,952,0
2,8,3,16,12,915,0
2,8,3,16,11,907,0
2,8,3,16,11,955,0
2,8,3,16,11,774,0
2,8,3,16,10,863,0
2,8,3,16,10,910,0
2,8,3,16,10,957,0
2,8,3,16,10,744,0
0,8,3,16,5,870,0
0,8,3,16,4,910,0
0,8,3,16,3,959,0
0,8,3,16,2,1003,0
0,8,3,16,3,861,0
0,8,3,16,2,912,0
0,8,3,16,1,957,0
0,8,2,16,16,1001,0
2,8,3,16,3,819,0
2,8,3,16,2,814,0
2,8,3,16,1,822,0
2,8,3,16,5,823,0
2,8,3,16,6,781,0
2,8,3,16,7,725,0
2,8,3,16,8,686,0
2,8,3,16,9,636,0
2,8,3,16,10,597,0
2,8,3,16,11,553,0
2,8,3,16,12,506,0
2,8,3,16,13,456,0
2,8,3,16,7,643,0
2,8,3,16,8,590,0
2,8,3,16,9,543,0
2,8,3,16,10,498,0
2,8,3,16,11,455,0
0,8,4,16,5,459,0
0,8,4,16,4,460,0
0,8,4,16,3,455,0
0,8,4,16,2,455,0
0,8,4,16,1,462,0
0,8,3,16,16,461,0
0,8,3,16,15,454,0
2,8,4,16,6,280,0
2,8,4,16,5,276,0
2,8,4,16,4,276,0
2,8,4,16,3,277,0
2,8,4,16,2,274,0
2,8,4,16,1,277,0
2,8,3,16,16,281,0
2,8,3,16,15,278,0
2,8,3,16,14,277,0
2,8,3,16,13,277,0
2,8,3,16,12,279,0
2,8,3,16,11,272,0
2,8,3,16,10,278,0
0,8,4,16,4,367,0
0,8,3,16,11,366,0
0,8,3,16,10,366,0
0,8,3,16,12,365,0
2,8,4,16,8,501,0
2,8,4,16,8,550,0
2,8,4,16,8,593,0
2,8,4,16,8,641,0
2,8,4,16,8,683,0
2,8,4,16,8,731,0
2,8,4,16,8,773,0
2,8,4,16,8,820,0
2,8,4,16,8,460,0
2,8,4,16,7,503,0
2,8,4,16,7,551,0
2,8,4,16,7,595,0
2,8,4,16,7,647,0
2,8,4,16,7,685,0
2,8,4,16,7,724,0
2,8,4,16,7,774,0
2,8,4,16,6,554,0
2,8,4,16,6,593,0
2,8,4,16,6,637,0
2,8,4,16,6,679,0
2,8,4,16,6,733,0
2,8,4,16,5,592,0
2,8,4,16,5,641,0
2,8,4,16,5,678,0
2,8,4,16,4,611,0
2,8,4,16,4,654,0
2,8,4,16,3,637,0
0,8,4,16,14,866,0
0,8,4,16,13,904,0
0,8,4,16,12,946,0
0,8,4,16,11,990,0
0,8,4,16,13,820,0
0,8,4,16,12,865,0
0,8,4,16,11,905,0
0,8,4,16,11,825,0
0,8,4,16,10,873,0
0,8,4,16,10,948,0
0,8,4,16,9,815,0
0,8,4,16,10,817,0
0,8,4,16,9,864,0
1,8,4,16,16,458,0
2,8,4,16,14,315,0
2,8,4,16,14,359,0
2,8,4,16,14,401,0
2,8,4,16,14,448,0
2,8,4,16,13,322,0
2,8,4,16,13,363,0
2,8,4,16,13,405,0
2,8,4,16,13,445,0
2,8,4,16,12,321,0
0,8,4,16,16,282,0
0,8,4,16,15,277,0
0,8,4,16,14,281,0
0,8,4,16,13,276,0
0,8,4,16,12,277,0
0,8,4,16,11,278,0
0,8,4,16,10,278,0
0,8,4,16,9,282,0
2,8,4,16,6,367,0
2,8,4,16,9,368,0
2,8,4,16,10,414,0
2,8,4,16,11,463,0
2,8,4,16,12,511,0
2,8,4,16,13,567,0
2,8,4,16,14,599,0
2,8,4,16,15,644,0
2,8,4,16,16,702,0
2,8,4,16,10,511,0
2,8,4,16,11,556,0
2,8,4,16,12,589,0
2,8,4,16,13,648,0
2,8,4,16,14,690,0
2,8,4,16,15,731,0
2,8,4,16,16,782,0
2,8,4,16,15,816,0
0,8,4,16,11,711,0
0,8,4,16,11,760,0
0,8,4,16,10,731,0
0,8,4,16,12,730,0
1,9,1,16,15,817,0
1,9,1,16,15,462,0
2,9,1,16,15,278,0
2,9,1,16,13,276,0
2,9,1,16,10,279,0
2,9,1,16,10,369,0
2,9,1,16,10,456,0
2,9,1,16,13,459,0
2,9,1,16,6,455,0
2,9,1,16,6,324,0
2,9,1,16,4,284,0
2,9,1,16,8,552,0
2,9,1,16,7,641,0
2,9,1,16,4,502,0
2,9,1,16,2,480,0
2,9,1,16,4,598,0
2,9,1,16,13,821,0
2,9,1,16,11,814,0
2,9,1,16,11,905,0
2,9,1,16,11,990,0
2,9,1,16,13,993,0
2,9,1,16,15,996,0
2,9,1,16,8,731,0
2,9,1,16,4,683,0
2,9,1,16,4,795,0
2,9,1,16,2,817,0
2,9,1,16,6,825,0
2,9,1,16,6,959,0
2,9,1,16,4,995,0
0,9,1,16,15,637,0
0,9,1,16,14,632,0
0,9,1,16,13,641,0
0,9,1,16,12,639,0
0,9,1,16,11,638,0
0,9,1,16,10,640,0
0,9,1,16,14,596,0
0,9,1,16,13,593,0
0,9,1,16,12,594,0
0,9,1,16,11,595,0
0,9,1,16,14,679,0
0,9,1,16,13,679,0
0,9,1,16,12,675,0
0,9,1,16,11,677,0
0,9,1,16,13,721,0
0,9,1,16,12,717,0
0,9,1,16,13,556,0
0,9,1,16,12,553,0
2,9,2,16,2,283,-20
2,9,2,16,2,329,-20
2,9,2,16,2,371,-20
2,9,2,16,2,415,-15
2,9,2,16,2,466,-15
2,9,2,16,2,503,-15
2,9,2,16,2,557,-10
2,9,2,16,2,603,-10
2,9,2,16,2,685,15
2,9,2,16,2,742,15
2,9,2,16,2,785,20
2,9,2,16,2,820,20
2,9,2,16,2,874,20
2,9,2,16,2,904,25
2,9,2,16,2,952,25
2,9,2,16,2,998,25
0,9,2,16,13,550,0
0,9,2,16,12,549,0
0,9,2,16,7,546,0
0,9,2,16,6,553,0
0,9,2,16,5,548,0
0,9,2,16,13,369,0
0,9,2,16,12,369,0
0,9,2,16,11,367,0
0,9,2,16,6,367,0
0,9,2,16,5,373,0
2,9,2,16,13,278,0
2,9,2,16,12,279,0
2,9,2,16,11,269,0
2,9,2,16,10,279,0
2,9,2,16,9,279,0
2,9,2,16,8,271,0
2,9,2,16,7,275,0
2,9,2,16,6,279,0
2,9,2,16,5,274,0
2,9,2,16,13,458,0
2,9,2,16,12,459,0
2,9,2,16,11,460,0
2,9,2,16,10,461,0
2,9,2,16,9,459,0
2,9,2,16,8,459,0
2,9,2,16,7,457,0
2,9,2,16,6,455,0
2,9,2,16,5,453,0
0,9,2,16,8,551,0
0,9,2,16,10,368,0
0,9,2,16,7,369,0
2,9,2,16,14,913,0
2,9,2,16,13,863,0
2,9,2,16,12,815,0
2,9,2,16,11,771,0
2,9,2,16,10,720,0
2,9,2,16,9,681,0
2,9,2,16,8,639,0
2,9,2,16,13,961,0
2,9,2,16,12,917,0
2,9,2,16,11,873,0
2,9,2,16,10,836,0
2,9,2,16,9,783,0
2,9,2,16,8,729,0
2,9,2,16,7,685,0
0,9,2,16,9,857,10
0,9,2,16,10,905,10
0,9,2,16,11,956,10
0,9,2,16,12,996,10
0,9,2,16,8,900,10
0,9,2,16,9,950,10
0,9,2,16,10,988,10
0,9,2,16,8,956,10
0,9,2,16,9,993,10
0,9,2,16,8,994,10
0,9,2,16,9,916,10
0,9,2,16,10,948,10
2,9,2,16,7,821,0
2,9,2,16,6,819,0
2,9,2,16,5,820,0
2,9,2,16,4,819,0
2,9,2,16,3,820,0
2,9,2,16,4,550,0
2,9,2,16,3,552,0
2,9,2,16,4,370,0
2,9,2,16,3,372,0
2,9,2,16,15,285,0
2,9,2,16,16,330,0
2,9,3,16,1,369,0
2,9,3,16,2,412,0
2,9,3,16,3,462,0
2,9,3,16,4,499,0
2,9,3,16,5,559,0
2,9,3,16,6,596,0
2,9,3,16,7,642,0
2,9,3,16,6,689,0
2,9,3,16,5,739,0
2,9,3,16,4,789,0
2,9,3,16,3,824,0
2,9,3,16,2,863,0
2,9,3,16,1,913,0
2,9,2,16,16,964,0
2,9,2,16,15,990,0
0,9,3,16,6,503,0
0,9,3,16,7,552,0
0,9,3,16,7,729,0
0,9,3,16,6,778,0
0,9,3,16,4,860,0
0,9,3,16,3,901,0
0,9,3,16,2,953,0
2,9,3,16,2,327,0
2,9,3,16,3,373,0
2,9,3,16,4,413,0
2,9,3,16,5,641,0
2,9,3,16,4,638,0
2,9,3,16,3,641,0
2,9,3,16,2,637,0
2,9,3,16,1,641,0
2,9,2,16,16,641,0
2,9,2,16,15,638,0
2,9,2,16,14,639,0
2,9,2,16,13,638,0
2,9,2,16,12,638,0
0,9,2,16,15,458,0
0,9,2,16,15,416,0
0,9,2,16,15,497,0
0,9,2,16,15,547,0
0,9,2,16,16,455,0
0,9,2,16,16,494,0
0,9,2,16,15,591,0
0,9,2,16,16,544,0
0,9,3,16,1,505,0
0,9,3,16,1,727,0
0,9,3,16,1,783,0
0,9,3,16,1,824,0
0,9,2,16,16,783,0
2,9,3,16,8,994,0
2,9,3,16,7,999,0
2,9,3,16,6,999,0
2,9,3,16,5,991,0
2,9,3,16,4,1001,0
2,9,3,16,3,1000,0
2,9,3,16,2,1000,0
2,9,3,16,1,998,0
2,9,3,16,9,281,0
2,9,3,16,8,281,0
2,9,3,16,7,283,0
2,9,3,16,6,283,0
2,9,3,16,5,279,0
2,9,3,16,4,281,0
2,9,3,16,3,284,0
2,9,3,16,2,284,0
2,9,3,16,1,284,0
2,9,3,16,8,637,0
2,9,3,16,9,634,0
2,9,3,16,10,638,0
2,9,3,16,11,642,0
2,9,3,16,12,639,0
2,9,3,16,13,643,0
1,9,3,16,15,460,0
2,9,3,16,14,460,0
2,9,3,16,13,454,0
2,9,3,16,12,456,0
2,9,3,16,11,456,0
2,9,3,16,10,455,0
2,9,3,16,9,457,0
0,9,3,16,14,363,0
0,9,3,16,13,366,0
0,9,3,16,12,365,0
0,9,3,16,11,369,0
0,9,3,16,10,366,0
0,9,3,16,12,324,0
0,9,3,16,11,331,0
0,9,3,16,12,408,0
0,9,3,16,11,400,0
0,9,3,16,13,775,0
0,9,3,16,12,775,0
0,9,3,16,12,865,0
0,9,3,16,13,870,0
0,9,3,16,13,825,0
0,9,3,16,12,824,0
0,9,3,16,14,820,0
0,9,3,16,15,821,0
0,9,3,16,10,823,0
0,9,3,16,9,819,0
0,9,3,16,11,823,0
0,9,3,16,13,1002,15
0,9,3,16,12,962,15
0,9,3,16,11,924,15
0,9,3,16,10,898,15
0,9,4,16,2,499,0
0,9,4,16,5,376,0
0,9,4,16,9,420,0
0,9,4,16,10,683,0
0,9,4,16,11,733,0
0,9,4,16,13,639,0
0,9,4,16,14,543,0
0,9,4,16,14,508,0
0,9,4,16,14,728,0
0,9,4,16,11,815,0
0,9,4,16,12,906,0
0,9,4,16,13,952,0
0,9,4,16,10,955,0
0,9,4,16,10,1003,0
0,9,4,16,8,955,0
0,9,4,16,6,907,0
0,9,4,16,9,637,0
0,9,4,16,8,686,0
0,9,4,16,4,729,0
0,9,4,16,2,773,0
0,9,3,16,16,37,0
2,9,4,16,9,822,0
2,9,4,16,8,818,0
2,9,4,16,7,816,0
2,9,4,16,6,819,0
2,9,4,16,5,821,0
2,9,4,16,4,819,0
2,9,4,16,8,455,0
2,9,4,16,7,450,0
2,9,4,16,6,454,0
2,9,4,16,5,454,0
2,9,4,16,4,458,0
2,9,4,16,3,454,0
0,9,4,16,13,280,0
0,9,4,16,12,273,0
0,9,4,16,11,277,0
0,9,4,16,10,277,0
0,9,4,16,9,274,0
0,9,4,16,8,274,0
0,9,4,16,7,275,0
0,9,4,16,6,280,0
0,9,4,16,5,280,0
1,9,4,16,14,460,0
2,10,1,16,3,365,0
2,10,1,16,1,371,0
2,10,1,16,3,456,0
2,10,1,16,1,457,0
2,9,4,16,15,312,0
2,10,1,16,5,286,0
2,10,1,16,5,507,0
2,10,1,16,7,688,0
2,10,1,16,5,769,0
2,10,1,16,7,851,0
2,10,1,16,5,923,0
2,10,1,16,3,679,0
2,10,1,16,9,548,0
2,10,1,16,9,870,0
0,10,1,16,13,373,0
0,10,1,16,11,375,0
0,10,1,16,13,501,0
0,10,1,16,11,500,0
0,10,1,16,8,329,0
0,10,1,16,16,279,0
0,10,1,16,15,544,0
1,10,1,16,13,815,0
0,10,1,16,11,867,0
0,10,1,16,13,963,0
0,10,1,16,11,997,0
2,10,1,16,10,725,0
2,10,1,16,15,688,0
2,10,1,16,15,1004,0
0,10,2,16,4,599,0
0,10,2,16,6,634,0
0,10,2,16,7,688,0
0,10,2,16,9,593,0
0,10,2,16,8,910,0
0,10,2,16,5,906,0
0,10,2,16,4,823,0
0,10,2,16,4,916,0
0,10,2,16,11,509,0
0,10,2,16,13,327,0
0,10,2,16,15,458,0
2,10,2,16,12,775,0
2,10,2,16,12,726,0
2,10,2,16,14,773,0
2,10,2,16,16,775,0
2,10,2,16,15,729,0
2,10,2,16,15,869,0
2,10,2,16,11,909,0
2,10,2,16,12,860,0
2,10,2,16,9,824,0
2,10,2,16,10,815,0
2,10,2,16,4,995,0
2,10,2,16,10,1001,0
1,10,2,16,16,818,0
2,10,2,16,15,282,0
2,10,2,16,14,271,0
2,10,2,16,13,280,0
2,10,2,16,12,279,0
2,10,2,16,2,459,0
2,10,2,16,5,457,0
2,10,2,16,9,375,0
0,10,2,16,9,280,-10
0,10,2,16,8,275,-10
0,10,2,16,7,278,-10
0,10,2,16,6,284,-10
2,10,3,16,14,419,0
2,10,3,16,9,554,0
2,10,3,16,7,639,0
2,10,3,16,5,734,0
2,10,3,16,8,499,0
2,10,3,16,9,421,0
2,10,3,16,7,376,0
2,10,3,16,5,465,0
2,10,3,16,3,509,0
2,10,3,16,1,506,0
2,10,3,16,3,732,0
2,10,3,16,5,813,0
2,10,3,16,8,900,0
2,10,3,16,12,952,0
2,10,3,16,12,735,0
2,10,3,16,13,634,0
2,10,3,16,15,553,0
2,10,3,16,11,636,0
2,10,3,16,10,655,0
2,10,3,16,9,688,0
0,10,3,16,14,817,0
0,10,3,16,13,820,0
0,10,3,16,12,812,0
0,10,3,16,11,816,0
0,10,3,16,10,821,0
0,10,3,16,14,271,-10
0,10,3,16,13,273,-10
0,10,3,16,12,283,-10
0,10,3,16,11,279,-10
0,10,3,16,10,281,-10
0,10,3,16,6,284,-10
0,10,3,16,5,289,-10
0,10,3,16,4,279,-10
0,10,3,16,3,279,-10
0,10,3,16,9,999,15
0,10,3,16,8,998,0
2,10,4,16,1,333,0
2,10,4,16,1,504,0
2,10,4,16,4,504,0
2,10,4,16,7,416,0
2,10,4,16,5,322,0
2,10,4,16,11,414,0
2,10,4,16,11,600,0
2,10,4,16,9,688,0
2,10,4,16,5,688,0
2,10,4,16,3,771,0
2,10,4,16,2,815,0
2,10,4,16,1,897,0
2,10,4,16,9,859,0
0,10,4,16,8,543,0
0,10,4,16,7,543,0
0,10,4,16,6,545,0
0,10,4,16,14,641,0
0,10,4,16,15,708,0
0,10,4,16,16,772,0
0,10,4,16,13,860,0
0,10,4,16,14,920,0
0,10,4,16,15,965,0
0,10,4,16,16,276,0
0,10,4,16,15,282,0
0,10,4,16,14,276,0
2,10,4,16,14,418,0
2,10,4,16,15,461,0
2,10,4,16,16,503,0
0,11,1,16,5,371,10
0,11,1,16,4,407,10
0,11,1,16,3,453,10
2,11,1,16,11,279,0
2,11,1,16,10,279,0
2,11,1,16,9,277,0
2,11,1,16,8,278,0
2,11,1,16,7,280,0
2,11,1,16,6,284,0
1,11,1,16,8,815,0
2,11,1,16,10,822,0
2,11,1,16,12,818,0
2,11,1,16,12,778,0
2,11,1,16,12,733,0
2,11,1,16,12,861,0
2,11,1,16,12,914,0
2,11,1,16,9,816,0
2,11,1,16,7,818,0
2,11,1,16,5,866,0
2,11,1,16,3,734,0
2,11,1,16,2,638,0
2,11,1,16,3,560,0
2,11,1,16,4,545,0
2,11,1,16,5,594,0
2,11,1,16,6,551,0
2,11,1,16,6,461,0
0,11,1,16,15,458,-10
0,11,1,16,14,463,-10
0,11,1,16,13,458,-10
0,11,1,16,12,459,-10
0,11,1,16,11,462,-10
0,11,1,16,12,639,-10
0,11,1,16,11,639,-10
0,11,1,16,10,636,-10
0,11,1,16,9,636,-10
0,11,1,16,8,636,-10
0,11,1,16,15,996,0
0,11,1,16,14,1001,0
0,11,1,16,13,999,0
0,11,1,16,12,999,0
0,11,1,16,11,995,0
2,11,1,16,9,995,0
2,11,1,16,8,995,0
2,11,1,16,7,998,0
2,11,1,16,6,1000,0
2,11,1,16,5,1000,0
2,11,1,16,4,994,0
2,11,1,16,3,998,0
2,11,1,16,10,456,0
2,11,1,16,9,458,0
2,11,1,16,8,464,0
2,11,1,16,7,457,0
2,11,1,16,16,273,0
2,11,1,16,15,281,0
2,11,1,16,14,281,0
2,11,1,16,13,281,0
2,11,1,16,12,282,0
2,11,2,16,3,637,0
2,11,2,16,3,682,0
2,11,2,16,3,726,0
2,11,2,16,3,777,0
2,11,2,16,3,823,0
2,11,2,16,3,862,0
2,11,2,16,3,913,0
2,11,2,16,3,958,0
2,11,2,16,3,998,0
2,11,2,16,2,687,0
2,11,2,16,2,732,0
2,11,2,16,2,778,0
2,11,2,16,2,825,0
2,11,2,16,2,880,0
2,11,2,16,2,929,0
2,11,2,16,1,735,0
2,11,2,16,1,783,0
2,11,2,16,1,817,0
2,11,2,16,1,862,0
2,11,2,16,1,898,0
2,11,1,16,16,731,0
2,11,1,16,15,691,0
2,11,1,16,14,679,0
2,11,1,16,15,737,0
2,11,1,16,16,774,0
2,11,1,16,16,864,0
2,11,1,16,15,906,0
2,11,1,16,14,948,0
2,11,1,16,16,905,0
2,11,1,16,15,942,0
2,11,2,16,4,770,0
2,11,2,16,4,810,0
2,11,2,16,4,856,0
2,11,2,16,5,783,0
2,11,2,16,5,827,0
2,11,2,16,6,818,0
2,11,2,16,5,329,0
2,11,2,16,6,419,0
2,11,2,16,4,402,0
2,11,2,16,3,396,0
2,11,2,16,3,508,0
2,11,2,16,4,552,0
2,11,2,16,5,640,0
2,11,2,16,8,674,0
2,11,2,16,11,679,0
2,11,2,16,13,731,0
2,11,2,16,13,871,0
2,11,2,16,11,906,0
2,11,2,16,16,724,0
0,11,2,16,14,374,0
0,11,2,16,11,384,0
0,11,2,16,14,548,0
0,11,2,16,11,557,0
0,11,2,16,8,288,0
0,11,3,16,1,280,0
0,11,2,16,16,594,0
1,11,2,16,15,816,0
2,11,3,16,9,601,0
2,11,3,16,8,742,0
2,11,3,16,4,746,0
2,11,3,16,4,935,0
2,11,3,16,8,923,0
2,11,3,16,1,725,0
0,11,3,16,9,318,0
0,11,3,16,7,409,0
0,11,3,16,5,415,0
0,11,3,16,7,519,0
0,11,3,16,5,519,0
0,11,3,16,3,321,0
0,11,3,16,13,459,0
0,11,3,16,12,466,0
0,11,3,16,13,509,0
0,11,3,16,12,509,0
0,11,3,16,11,410,0
0,11,3,16,14,405,0
0,11,3,16,15,625,0
0,11,3,16,13,863,0
0,11,3,16,12,861,0
0,11,3,16,12,915,0
0,11,3,16,13,915,0
0,11,3,16,15,997,0
2,11,3,16,14,819,0
2,11,3,16,11,815,0
2,11,3,16,16,281,0
2,11,3,16,15,281,0
2,11,3,16,14,275,0
2,11,3,16,13,278,0
2,11,3,16,12,278,0
0,11,4,16,3,504,-10
0,11,4,16,4,457,-10
0,11,4,16,5,422,-10
0,11,4,16,8,508,-10
0,11,4,16,6,275,-10
0,11,4,16,9,321,-10
0,11,4,16,9,439,-10
0,11,4,16,12,412,-10
0,11,4,16,12,460,-10
0,11,4,16,12,497,-10
0,11,4,16,14,602,-10
0,11,4,16,10,604,-10
0,11,4,16,9,714,-10
0,11,4,16,13,771,-10
0,11,4,16,13,898,-10
2,11,4,16,3,820,0
2,11,4,16,4,820,0
2,11,4,16,5,821,0
2,11,4,16,6,821,0
2,11,4,16,7,818,0
2,11,4,16,8,817,0
2,11,4,16,13,1001,0
2,11,4,16,12,1001,0
2,11,4,16,11,1005,0
2,11,4,16,10,1000,0
2,11,4,16,9,1000,0
2,11,4,16,8,1000,0
2,11,4,16,9,278,0
2,11,4,16,10,276,0
2,11,4,16,11,278,0
2,11,4,16,12,282,0
1,11,4,16,15,824,0
2,12,1,16,2,637,0
2,12,1,16,4,369,0
2,12,1,16,9,410,0
2,12,1,16,13,530,0
2,12,1,16,9,586,0
2,12,1,16,5,544,0
2,12,1,16,4,591,0
2,12,1,16,13,589,0
2,12,1,16,13,634,0
2,12,1,16,14,687,0
2,12,1,16,8,782,0
2,12,1,16,10,693,0
2,12,1,16,14,819,0
2,12,1,16,14,958,0
0,12,1,16,9,998,0
0,12,1,16,8,956,0
0,12,1,16,7,906,0
0,12,1,16,6,860,0
0,12,1,16,5,816,0
0,12,1,16,6,1006,0
0,12,1,16,5,998,0
0,12,1,16,4,996,0
0,12,1,16,3,996,0
0,11,4,16,16,368,0
0,11,4,16,16,409,0
0,11,4,16,16,457,0
0,11,4,16,16,501,0
0,11,4,16,16,536,0
0,11,4,16,15,419,0
0,11,4,16,15,460,0
0,11,4,16,15,496,0
0,12,1,16,1,408,0
0,12,1,16,1,446,0
0,12,1,16,1,508,0
0,12,1,16,14,278,0
0,12,1,16,13,278,0
0,12,1,16,12,278,0
0,12,1,16,16,455,0
0,12,1,16,15,456,0
0,12,1,16,14,459,0
1,12,2,16,6,821,0
0,12,2,16,5,998,0
0,12,2,16,4,951,0
0,12,2,16,3,909,0
0,12,2,16,2,859,0
0,12,2,16,1,809,0
0,12,2,16,9,457,0
0,12,2,16,8,459,0
0,12,2,16,7,455,0
0,12,2,16,6,459,0
0,12,2,16,5,461,0
1,12,2,16,13,275,0
2,12,2,16,12,281,0
2,12,2,16,11,278,0
2,12,2,16,10,278,0
2,12,2,16,9,282,0
2,12,2,16,8,281,0
2,12,2,16,7,281,0
2,12,2,16,6,281,0
2,12,2,16,5,280,0
2,12,2,16,4,279,0
2,12,2,16,3,277,0
0,12,2,16,2,279,0
0,12,2,16,1,276,0
0,12,2,16,11,507,0
0,12,2,16,11,553,0
0,12,2,16,11,599,0
0,12,2,16,11,653,0
0,12,2,16,11,712,0
0,12,2,16,11,766,0
0,12,2,16,11,806,0
0,12,2,16,10,550,0
0,12,2,16,10,598,0
0,12,2,16,10,647,0
0,12,2,16,10,694,0
0,12,2,16,10,735,0
0,12,2,16,10,766,0
0,12,2,16,9,598,0
0,12,2,16,9,632,0
0,12,2,16,9,665,0
0,12,2,16,9,707,0
0,12,2,16,8,580,0
0,12,2,16,7,545,0
0,12,2,16,7,595,0
0,12,2,16,6,531,0
0,12,2,16,8,641,0
0,12,2,16,8,698,0
0,12,2,16,7,677,0
0,12,2,16,7,732,0
0,12,2,16,6,734,0
0,12,2,16,12,610,0
0,12,2,16,12,645,0
0,12,2,16,12,675,0
0,12,2,16,13,642,0
2,12,2,16,2,511,0
2,12,2,16,2,639,0
2,12,2,16,2,736,0
2,12,2,16,3,564,0
2,12,2,16,3,606,0
2,12,2,16,3,651,0
2,12,2,16,3,685,0
2,12,2,16,4,617,0
2,12,2,16,4,656,0
2,12,2,16,5,640,0
2,12,2,16,1,639,0
2,12,2,16,8,862,0
2,12,2,16,9,900,0
2,12,2,16,10,941,0
2,12,2,16,11,969,0
2,12,2,16,12,1001,0
2,12,2,16,13,998,0
2,12,2,16,14,998,0
2,12,2,16,15,993,0
2,12,2,16,16,997,0
0,12,3,16,7,278,0
0,12,3,16,6,282,0
0,12,3,16,5,280,0
0,12,3,16,4,281,0
0,12,3,16,3,276,0
0,12,3,16,2,276,0
0,12,3,16,1,276,0
0,12,2,16,16,277,0
2,12,3,16,2,460,0
2,12,3,16,3,500,0
2,12,3,16,4,538,0
2,12,3,16,5,583,0
2,12,3,16,6,634,0
2,12,3,16,2,526,0
2,12,3,16,3,561,0
2,12,3,16,4,596,0
2,12,3,16,5,638,0
2,12,3,16,2,578,0
2,12,3,16,3,602,0
2,12,3,16,4,643,0
2,12,3,16,2,628,0
2,12,3,16,3,647,0
2,12,3,16,2,679,0
0,12,3,16,5,993,0
2,12,3,16,13,459,0
2,12,3,16,12,457,0
2,12,3,16,11,460,0
2,12,3,16,10,462,0
2,12,3,16,9,457,0
2,12,3,16,8,452,0
0,12,3,16,15,459,0
0,12,3,16,14,457,0
2,12,3,16,16,276,0
2,12,3,16,15,283,0
2,12,3,16,14,280,0
2,12,3,16,13,276,0
2,12,3,16,12,280,0
2,12,3,16,11,280,0
0,12,3,16,10,284,0
0,12,3,16,9,279,0
0,12,3,16,8,281,0
0,12,3,16,15,641,-20
0,12,3,16,14,645,20
0,12,3,16,13,644,-20
0,12,3,16,12,636,20
0,12,3,16,11,637,-20
0,12,3,16,10,642,20
0,12,3,16,9,641,-20
2,12,3,16,9,817,0
2,12,3,16,8,818,0
2,12,3,16,7,818,0
2,12,3,16,6,817,0
2,12,3,16,5,819,0
2,12,3,16,4,818,0
0,12,2,16,16,816,0
0,12,2,16,15,817,0
0,12,2,16,14,821,0
0,12,3,16,11,995,0
0,12,3,16,15,992,0
2,12,3,16,10,817,0
2,12,3,16,11,819,0
2,12,3,16,12,819,0
2,12,3,16,13,818,0
2,12,3,16,14,821,0
2,12,3,16,8,996,0
2,12,3,16,13,991,0
1,12,3,16,16,821,0
2,12,4,16,5,502,0
2,12,4,16,8,333,0
2,12,4,16,12,404,0
2,12,4,16,14,478,0
2,12,4,16,15,545,0
2,12,4,16,15,586,0
2,12,4,16,15,641,0
2,12,4,16,14,876,0
2,12,4,16,14,961,0
2,12,4,16,16,688,0
2,12,4,16,11,731,0
2,12,4,16,8,867,0
2,12,4,16,11,548,0
2,12,4,16,8,638,0
2,12,4,16,5,594,0
2,12,4,16,4,658,0
2,12,4,16,3,749,0
0,12,4,16,8,997,15
0,12,4,16,7,997,15
0,12,4,16,6,997,15
0,12,4,16,5,999,15
0,12,4,16,6,286,-15
0,12,4,16,5,285,-15
0,12,4,16,4,282,-15
0,12,4,16,3,276,-15
2,12,4,16,1,281,0
2,12,4,16,2,324,0
2,12,4,16,3,368,0
2,12,4,16,4,413,0
2,12,4,16,1,870,0
2,12,4,16,2,910,0
2,12,4,16,3,951,0
2,12,4,16,4,1007,0
0,12,4,16,12,821,0
0,12,4,16,11,819,0
0,12,4,16,10,816,0
0,12,4,16,12,463,0
0,12,4,16,11,461,0
0,12,4,16,10,459,0
0,12,4,16,16,281,0
0,12,4,16,15,281,0
0,12,4,16,14,279,0
2,12,4,16,10,959,0
2,12,4,16,11,991,0
2,12,4,16,12,922,0
2,13,1,16,2,821,0
2,13,1,16,3,866,0
2,13,1,16,4,916,0
2,13,1,16,5,955,0
2,13,1,16,6,988,0
2,13,1,16,2,640,0
2,13,1,16,3,690,0
2,13,1,16,4,733,0
2,13,1,16,5,773,0
2,13,1,16,6,809,0
2,13,1,16,7,856,0
2,13,1,16,8,900,0
2,13,1,16,3,468,0
2,13,1,16,4,515,0
2,13,1,16,5,546,0
2,13,1,16,6,593,0
2,13,1,16,7,637,0
2,13,1,16,8,686,0
2,13,1,16,9,724,0
2,13,1,16,10,771,0
2,13,1,16,11,821,0
2,13,1,16,12,865,0
0,13,1,16,10,326,-20
0,13,1,16,11,368,-20
0,13,1,16,12,417,-20
0,13,1,16,6,328,-20
0,13,1,16,2,378,-15
0,13,1,16,12,697,5
0,13,1,16,11,1000,10
2,13,1,16,10,995,0
2,13,1,16,9,997,0
2,13,1,16,8,997,0
2,13,1,16,7,1004,0
0,13,1,16,4,1000,0
0,13,1,16,3,1000,0
0,13,1,16,2,998,0
0,13,1,16,1,1002,0
2,13,1,16,8,457,0
2,13,1,16,9,500,0
2,13,1,16,10,547,0
2,13,1,16,11,592,0
2,13,1,16,12,636,0
0,13,1,16,12,329,-20
0,13,1,16,13,279,-20
2,13,2,16,2,373,0
2,13,2,16,3,460,0
2,13,2,16,5,510,0
2,13,2,16,4,731,0
2,13,2,16,5,777,0
2,13,2,16,6,831,0
2,13,2,16,10,775,0
2,13,2,16,10,862,0
2,13,2,16,11,863,0
2,13,2,16,11,915,0
2,13,2,16,13,1001,0
2,13,2,16,15,909,0
2,13,3,16,1,913,0
2,13,3,16,1,950,0
2,13,2,16,16,961,0
2,13,2,16,7,329,0
2,13,2,16,9,430,0
2,13,2,16,11,487,0
2,13,2,16,9,610,0
2,13,2,16,10,633,0
2,13,2,16,11,672,0
2,13,2,16,13,687,0
2,13,2,16,13,767,0
2,13,2,16,14,771,0
2,13,2,16,14,817,0
2,13,2,16,15,829,0
2,13,2,16,16,870,0
2,13,3,16,1,814,0
2,13,3,16,1,772,0
0,13,2,16,2,732,0
0,13,2,16,2,776,0
0,13,2,16,2,823,0
0,13,2,16,2,864,0
0,13,2,16,2,916,0
0,13,2,16,1,778,0
0,13,2,16,1,825,0
0,13,2,16,1,869,0
0,13,1,16,16,768,0
0,13,1,16,15,775,0
0,13,1,16,16,803,0
0,13,1,16,16,885,0
0,13,1,16,16,852,0
0,13,2,16,3,823,0
0,13,2,16,3,854,0
0,13,2,16,4,839,0
0,13,1,16,15,878,0
2,13,1,16,16,458,0
2,13,2,16,1,502,0
2,13,2,16,2,545,0
2,13,2,16,3,587,0
2,13,2,16,4,636,0
1,13,2,16,9,999,20
1,13,2,16,13,327,-25
2,13,2,16,7,996,0
2,13,2,16,6,992,0
2,13,2,16,5,996,0
2,13,2,16,4,997,0
2,13,2,16,3,998,0
0,13,2,16,8,679,10
0,13,2,16,11,369,10
0,13,2,16,5,362,-20
0,13,2,16,10,285,0
0,13,2,16,9,283,0
0,13,2,16,8,281,0
0,13,2,16,7,275,0
0,13,2,16,6,275,0
2,13,2,16,12,276,-20
2,13,2,16,13,277,-20
2,13,2,16,14,278,-20
2,13,2,16,15,279,-20
2,13,2,16,16,286,-20
2,13,3,16,1,281,-20
2,13,3,16,2,286,-20
2,13,3,16,3,277,-20
2,13,3,16,2,459,0
2,13,3,16,4,510,0
2,13,3,16,5,554,0
2,13,3,16,6,601,0
2,13,3,16,6,705,0
2,13,3,16,8,700,0
2,13,3,16,8,629,0
2,13,3,16,11,644,0
2,13,3,16,13,641,0
2,13,3,16,14,728,0
2,13,3,16,15,652,0
2,13,3,16,12,738,0
2,13,3,16,11,825,0
2,13,3,16,12,906,0
2,13,3,16,13,986,0
2,13,3,16,14,915,0
2,13,3,16,6,819,0
2,13,3,16,7,915,0
2,13,3,16,9,999,0
2,13,3,16,8,999,0
2,13,3,16,3,1000,0
0,13,3,16,14,326,0
0,13,3,16,14,415,0
0,13,3,16,12,328,0
0,13,3,16,11,400,0
0,13,3,16,10,323,0
0,13,3,16,6,322,0
0,13,3,16,5,313,0
0,13,3,16,4,319,0
0,13,3,16,8,327,0
0,13,3,16,8,370,0
0,13,3,16,6,387,0
0,13,3,16,11,491,0
0,13,3,16,12,534,0
0,13,3,16,13,574,0
0,13,3,16,8,500,0
0,13,3,16,9,545,0
0,13,3,16,10,581,0
0,13,3,16,4,624,-15
0,13,3,16,1,572,-20
0,13,2,16,14,474,-15
1,13,3,16,14,824,0
0,13,3,16,9,817,0
0,13,3,16,8,812,0
0,13,3,16,6,997,0
0,13,3,16,5,995,0
2,13,3,16,4,818,0
2,13,3,16,3,815,0
0,13,4,16,11,339,0
0,13,4,16,12,514,0
0,13,4,16,14,449,0
0,13,4,16,16,436,0
0,14,1,16,1,455,0
0,14,1,16,1,513,0
0,13,4,16,15,545,0
0,13,4,16,16,592,0
0,13,4,16,5,464,0
0,13,4,16,6,369,0
0,13,4,16,6,783,0
2,13,4,16,3,814,0
2,13,4,16,4,1002,0
2,13,4,16,6,683,0
2,13,4,16,7,550,0
2,13,4,16,11,459,0
2,13,4,16,10,457,0
2,13,4,16,9,458,0
2,13,4,16,14,280,0
2,13,4,16,13,280,0
2,13,4,16,12,277,0
2,13,4,16,11,280,0
2,13,4,16,10,280,0
2,13,4,16,9,275,0
0,13,4,16,16,735,0
0,13,4,16,10,709,0
0,13,4,16,10,984,0
2,13,4,16,15,780,0
2,13,4,16,14,783,0
2,13,4,16,14,816,0
2,13,4,16,13,829,0
2,13,4,16,13,866,0
2,13,4,16,14,894,0
2,13,4,16,15,919,0
2,13,4,16,15,961,0
2,13,4,16,12,888,0
2,13,4,16,12,840,0
2,13,4,16,13,779,0
